/* INSERT DATA */
/*USE CASE 1*/
/* Bảng NhanVien */
INSERT INTO NhanVien(MaNV,HoTenNV,GioiTinhNV,NgaySinhNV,ChucVu,SoDienThoaiNV,EmailNV,TrangThaiNV,TaoVaoLuc,TaoBoi,ChinhSuaLanCuoiVaoLuc,ChinhSuaLanCuoiBoi) VALUES ('SYS0','Hệ thống',NULL,NULL,'Quản lý','0000000000','xxxxxxxxx@gmail.com','Đang hoạt động','2021-12-31 08:00:00','SYS0','2021-12-31 08:00:00','SYS0');
INSERT INTO NhanVien(MaNV,HoTenNV,GioiTinhNV,NgaySinhNV,ChucVu,SoDienThoaiNV,EmailNV,TrangThaiNV,TaoVaoLuc,TaoBoi,ChinhSuaLanCuoiVaoLuc,ChinhSuaLanCuoiBoi) VALUES ('STA0','Chưa tiếp nhận',NULL,NULL,'Nhân viên','0000000000','xxxxxxxxx@gmail.com','Đang hoạt động','2021-12-31 08:00:00','SYS0','2021-12-31 08:00:00','SYS0');
INSERT INTO NhanVien(MaNV,HoTenNV,GioiTinhNV,NgaySinhNV,ChucVu,SoDienThoaiNV,EmailNV,TrangThaiNV,TaoVaoLuc,TaoBoi,ChinhSuaLanCuoiVaoLuc,ChinhSuaLanCuoiBoi) VALUES ('STA1','Nguyễn Phương Thanh','Nữ','1956-10-13','Quản lý','0797979797','ngphthanh@gmail.com','Đang hoạt động','2021-12-31 08:00:00','SYS0','2021-12-31 09:00:00','STA1');
INSERT INTO NhanVien(MaNV,HoTenNV,GioiTinhNV,NgaySinhNV,ChucVu,SoDienThoaiNV,EmailNV,TrangThaiNV,TaoVaoLuc,TaoBoi,ChinhSuaLanCuoiVaoLuc,ChinhSuaLanCuoiBoi) VALUES ('STA2','Nguyễn Ngọc Hoàng','Nam','1990-05-15','Nhân viên','0987123456','hoangnguyenngoc@gmail.com','Đang hoạt động','2022-01-01 08:00:00','STA1','2022-01-01 10:30:00','STA1');
INSERT INTO NhanVien(MaNV,HoTenNV,GioiTinhNV,NgaySinhNV,ChucVu,SoDienThoaiNV,EmailNV,TrangThaiNV,TaoVaoLuc,TaoBoi,ChinhSuaLanCuoiVaoLuc,ChinhSuaLanCuoiBoi) VALUES ('STA3','Võ Anh Thư','Nữ','1988-09-25','Nhân viên','0908123456','anhthuvo@gmail.com','Đang hoạt động','2022-01-02 09:15:00','STA1','2022-01-02 14:45:00','STA1');
INSERT INTO NhanVien(MaNV,HoTenNV,GioiTinhNV,NgaySinhNV,ChucVu,SoDienThoaiNV,EmailNV,TrangThaiNV,TaoVaoLuc,TaoBoi,ChinhSuaLanCuoiVaoLuc,ChinhSuaLanCuoiBoi) VALUES ('STA4','Trần Mỹ Hạnh','Nữ','1995-11-10','Nhân viên','0978123456','hanhmytran@gmail.com','Đang hoạt động','2022-01-03 11:30:00','STA1','2022-01-03 16:20:00','STA1');
INSERT INTO NhanVien(MaNV,HoTenNV,GioiTinhNV,NgaySinhNV,ChucVu,SoDienThoaiNV,EmailNV,TrangThaiNV,TaoVaoLuc,TaoBoi,ChinhSuaLanCuoiVaoLuc,ChinhSuaLanCuoiBoi) VALUES ('STA5','Trương Minh Tiến','Nam','1982-03-02','Nhân viên','0918123456','minhtientruong@gmail.com','Đang hoạt động','2022-01-04 13:45:00','STA1','2022-01-04 18:10:00','STA1');
INSERT INTO NhanVien(MaNV,HoTenNV,GioiTinhNV,NgaySinhNV,ChucVu,SoDienThoaiNV,EmailNV,TrangThaiNV,TaoVaoLuc,TaoBoi,ChinhSuaLanCuoiVaoLuc,ChinhSuaLanCuoiBoi) VALUES ('STA6','Nguyễn Đức Trung','Nam','1993-07-20','Nhân viên','0968123456','ductrungnguyen@gmail.com','Đang hoạt động','2022-01-05 15:00:00','STA1','2022-01-05 20:05:00','STA1');
INSERT INTO NhanVien(MaNV,HoTenNV,GioiTinhNV,NgaySinhNV,ChucVu,SoDienThoaiNV,EmailNV,TrangThaiNV,TaoVaoLuc,TaoBoi,ChinhSuaLanCuoiVaoLuc,ChinhSuaLanCuoiBoi) VALUES ('STA7','Bùi Thị Thúy','Nữ','1987-01-12','Nhân viên','0958123456','thuythibui@gmail.com','Đang hoạt động','2022-01-06 17:15:00','STA1','2022-01-06 22:40:00','STA1');
INSERT INTO NhanVien(MaNV,HoTenNV,GioiTinhNV,NgaySinhNV,ChucVu,SoDienThoaiNV,EmailNV,TrangThaiNV,TaoVaoLuc,TaoBoi,ChinhSuaLanCuoiVaoLuc,ChinhSuaLanCuoiBoi) VALUES ('STA8','Trần Thúy Hằng','Nữ','1984-06-30','Nhân viên','0948123456','hangthuytran@gmail.com','Đang hoạt động','2022-01-07 19:30:00','STA1','2022-01-07 20:00:00','STA1');
INSERT INTO NhanVien(MaNV,HoTenNV,GioiTinhNV,NgaySinhNV,ChucVu,SoDienThoaiNV,EmailNV,TrangThaiNV,TaoVaoLuc,TaoBoi,ChinhSuaLanCuoiVaoLuc,ChinhSuaLanCuoiBoi) VALUES ('STA9','Bùi Bích Trâm','Nữ','1999-12-05','Nhân viên','0938123456','trambichbui@gmail.com','Đang hoạt động','2022-01-08 21:45:00','STA1','2022-01-08 14:15:00','STA1');
INSERT INTO NhanVien(MaNV,HoTenNV,GioiTinhNV,NgaySinhNV,ChucVu,SoDienThoaiNV,EmailNV,TrangThaiNV,TaoVaoLuc,TaoBoi,ChinhSuaLanCuoiVaoLuc,ChinhSuaLanCuoiBoi) VALUES ('STA10','Trần Thanh Mai','Nữ','1986-04-18','Nhân viên','0928123456','maithanhtran@gmail.com','Đang hoạt động','2022-01-09 23:59:00','STA1','2022-02-09 08:50:00','STA1');
INSERT INTO NhanVien(MaNV,HoTenNV,GioiTinhNV,NgaySinhNV,ChucVu,SoDienThoaiNV,EmailNV,TrangThaiNV,TaoVaoLuc,TaoBoi,ChinhSuaLanCuoiVaoLuc,ChinhSuaLanCuoiBoi) VALUES ('STA11','Huỳnh Nhã Thy','Nữ','1991-08-08','Nhân viên','0998123456','nhathythuynh@gmail.com','Đang hoạt động','2022-01-10 02:30:00','STA1','2022-01-10 16:30:00','STA1');
;
-- SELECT * FROM NhanVien

/* Bảng TaiKhoan */

INSERT INTO TaiKhoan(MaTK,EmailTK,MatKhauTK,TrangThaiTK,MaNV,TaoVaoLuc,TaoBoi,ChinhSuaLanCuoiVaoLuc,ChinhSuaLanCuoiBoi) VALUES ('ACC1','ngphthanh@gmai.com','secretKey','Đang hoạt động','STA0','2021-12-31 08:00:00','SYS0','2021-12-31 08:00:00','SYS0');
INSERT INTO TaiKhoan(MaTK,EmailTK,MatKhauTK,TrangThaiTK,MaNV,TaoVaoLuc,TaoBoi,ChinhSuaLanCuoiVaoLuc,ChinhSuaLanCuoiBoi) VALUES ('ACC2','hoangnguyenngoc@gmail.com','pass@123','Đang hoạt động','STA1','2022-01-01 08:00:00','SYS0','2022-01-01 08:00:00','SYS0');
INSERT INTO TaiKhoan(MaTK,EmailTK,MatKhauTK,TrangThaiTK,MaNV,TaoVaoLuc,TaoBoi,ChinhSuaLanCuoiVaoLuc,ChinhSuaLanCuoiBoi) VALUES ('ACC3','anhthuvo@gmail.com','strongPwd','Đang hoạt động','STA2','2022-01-02 09:15:00','SYS0','2022-01-02 09:15:00','SYS0');
INSERT INTO TaiKhoan(MaTK,EmailTK,MatKhauTK,TrangThaiTK,MaNV,TaoVaoLuc,TaoBoi,ChinhSuaLanCuoiVaoLuc,ChinhSuaLanCuoiBoi) VALUES ('ACC4','hanhmytran@gmail.com','mySecret','Đang hoạt động','STA3','2022-01-03 11:30:00','SYS0','2022-01-03 11:30:00','SYS0');
INSERT INTO TaiKhoan(MaTK,EmailTK,MatKhauTK,TrangThaiTK,MaNV,TaoVaoLuc,TaoBoi,ChinhSuaLanCuoiVaoLuc,ChinhSuaLanCuoiBoi) VALUES ('ACC5','minhtientruong@gmail.com','p@ssw0rd','Đang hoạt động','STA4','2022-01-04 13:45:00','SYS0','2022-01-04 13:45:00','SYS0');
INSERT INTO TaiKhoan(MaTK,EmailTK,MatKhauTK,TrangThaiTK,MaNV,TaoVaoLuc,TaoBoi,ChinhSuaLanCuoiVaoLuc,ChinhSuaLanCuoiBoi) VALUES ('ACC6','ductrungnguyen@gmail.com','secure123','Vô hiệu hóa','STA5','2022-01-05 15:00:00','SYS0','2022-01-05 15:00:00','SYS0');
INSERT INTO TaiKhoan(MaTK,EmailTK,MatKhauTK,TrangThaiTK,MaNV,TaoVaoLuc,TaoBoi,ChinhSuaLanCuoiVaoLuc,ChinhSuaLanCuoiBoi) VALUES ('ACC7','thuythibui@gmail.com','12345pass','Đang hoạt động','STA6','2022-01-06 17:15:00','SYS0','2022-01-06 17:15:00','SYS0');
INSERT INTO TaiKhoan(MaTK,EmailTK,MatKhauTK,TrangThaiTK,MaNV,TaoVaoLuc,TaoBoi,ChinhSuaLanCuoiVaoLuc,ChinhSuaLanCuoiBoi) VALUES ('ACC8','hangthuytran@gmail.com','secretPwd','Đang hoạt động','STA7','2022-01-07 19:30:00','SYS0','2022-01-07 19:30:00','SYS0');
INSERT INTO TaiKhoan(MaTK,EmailTK,MatKhauTK,TrangThaiTK,MaNV,TaoVaoLuc,TaoBoi,ChinhSuaLanCuoiVaoLuc,ChinhSuaLanCuoiBoi) VALUES ('ACC9','trambichbui@gmail.com','password123','Vô hiệu hóa','STA8','2022-01-08 21:45:00','SYS0','2022-01-08 21:45:00','SYS0');
INSERT INTO TaiKhoan(MaTK,EmailTK,MatKhauTK,TrangThaiTK,MaNV,TaoVaoLuc,TaoBoi,ChinhSuaLanCuoiVaoLuc,ChinhSuaLanCuoiBoi) VALUES ('ACC10','maithanhtran@gmail.com','secretPass','Đang hoạt động','STA9','2022-01-09 23:59:00','SYS0','2022-01-09 23:59:00','SYS0');
INSERT INTO TaiKhoan(MaTK,EmailTK,MatKhauTK,TrangThaiTK,MaNV,TaoVaoLuc,TaoBoi,ChinhSuaLanCuoiVaoLuc,ChinhSuaLanCuoiBoi) VALUES ('ACC011','nhathythuynh@gmail.com','pass2023','Đang hoạt động','STA10','2022-01-10 02:30:00','SYS0','2022-01-10 02:30:00','SYS0');
-- SELECT * FROM TaiKhoan
;

INSERT INTO YeuCauTuVan(MaTuVan,TenLeadYeuCau,NgaySinhLeadYeuCau,EmailLeadYeuCau,SDTLeadYeuCau,GhiChuYCTV,TrangThaiYCTV,TaoVaoLuc,TaoBoiLead) VALUES ('CON1','Nguyễn Thu Việc','1988-03-02','viecthunguyen@gmail.com','0888777666',NULL,'Đã tiếp nhận','2023-09-11 13:45:35','LEA3');
INSERT INTO YeuCauTuVan(MaTuVan,TenLeadYeuCau,NgaySinhLeadYeuCau,EmailLeadYeuCau,SDTLeadYeuCau,GhiChuYCTV,TrangThaiYCTV,TaoVaoLuc,TaoBoiLead) VALUES ('CON2','Nguyễn Hoàng Minh','1978-12-05','minhhoangnguyen@gmail.com','0999888777',NULL,'Đã tiếp nhận','2023-01-17 23:15:47','LEA2');
INSERT INTO YeuCauTuVan(MaTuVan,TenLeadYeuCau,NgaySinhLeadYeuCau,EmailLeadYeuCau,SDTLeadYeuCau,GhiChuYCTV,TrangThaiYCTV,TaoVaoLuc,TaoBoiLead) VALUES ('CON3','Phan Duy Trọng','2003-05-15','trongphanduy@gmail.com','0987654321',NULL,'Đã tiếp nhận','2023-01-22 01:51:15','LEA6');
INSERT INTO YeuCauTuVan(MaTuVan,TenLeadYeuCau,NgaySinhLeadYeuCau,EmailLeadYeuCau,SDTLeadYeuCau,GhiChuYCTV,TrangThaiYCTV,TaoVaoLuc,TaoBoiLead) VALUES ('CON4','Bùi Xuân Vĩ','1982-01-12','vixuanbui@gmail.com','0444333222',NULL,'Đã tiếp nhận','2023-01-08 01:20:08','LEA9');
-- SELECT * FROM YeuCauTuVan
;

INSERT INTO ChiTietKhoaHocThuocYCTV(MaTuVan,MaKhoaHoc,TenKhoaHoc,GiangVien,HocPhi) VALUES ('CON1','CRS2','Product Owner Master Class','Harry Phạm',5400000);
INSERT INTO ChiTietKhoaHocThuocYCTV(MaTuVan,MaKhoaHoc,TenKhoaHoc,GiangVien,HocPhi) VALUES ('CON2','CRS3','SQL Advanced Class','Jerry Bùi',4914000);
INSERT INTO ChiTietKhoaHocThuocYCTV(MaTuVan,MaKhoaHoc,TenKhoaHoc,GiangVien,HocPhi) VALUES ('CON3','CRS1','IT Business Analysis','Ryan Nguyễn',4000000);
INSERT INTO ChiTietKhoaHocThuocYCTV(MaTuVan,MaKhoaHoc,TenKhoaHoc,GiangVien,HocPhi) VALUES ('CON4','CRS2','Product Owner Master Class','Harry Phạm',5400000);
-- SELECT * FROM YeuCauTuVan
;

INSERT INTO TBL_Lead(MaLead,HoTenLead,GioiTinhLead,NgaySinhLead,SoDienThoaiLead,EmailLead,MaNgheNghiep,MaNVPhuTrachLead,TrangThaiLead,LyDoTrangThaiLead,NguonLead,GhiChuLead,LeadTuKHCu,TaoVaoLuc,TaoBoi,ChinhSuaLanCuoiVaoLuc,ChinhSuaLanCuoiBoi) VALUES ('LEA1','Ngô Thị Kim Cương','Nữ','1991-06-30','0777007007','kimcuongngothi@gmail.com','OCU1','STA7','Đang tư vấn',NULL,'LinkedIn',NULL,NULL,'2023-07-01 08:00:00','SYS0','2023-07-01 10:30:00','STA7');
INSERT INTO TBL_Lead(MaLead,HoTenLead,GioiTinhLead,NgaySinhLead,SoDienThoaiLead,EmailLead,MaNgheNghiep,MaNVPhuTrachLead,TrangThaiLead,LyDoTrangThaiLead,NguonLead,GhiChuLead,LeadTuKHCu,TaoVaoLuc,TaoBoi,ChinhSuaLanCuoiVaoLuc,ChinhSuaLanCuoiBoi) VALUES ('LEA2','Nguyễn Hoàng Minh','Nam','1978-12-05','0999888777','minhhoangnguyen@gmail.com','OCU2','STA4','Chờ tư vấn',NULL,'Website',NULL,NULL,'2023-06-02 09:15:00','SYS0','2023-06-02 14:45:00','STA4');
INSERT INTO TBL_Lead(MaLead,HoTenLead,GioiTinhLead,NgaySinhLead,SoDienThoaiLead,EmailLead,MaNgheNghiep,MaNVPhuTrachLead,TrangThaiLead,LyDoTrangThaiLead,NguonLead,GhiChuLead,LeadTuKHCu,TaoVaoLuc,TaoBoi,ChinhSuaLanCuoiVaoLuc,ChinhSuaLanCuoiBoi) VALUES ('LEA3','Nguyễn Thu Việc','Nữ','1988-03-02','0888777666','viecthunguyen@gmail.com','OCU3','STA2','Chờ tư vấn',NULL,'Truyền miệng',NULL,NULL,'2023-05-03 11:30:00','SYS0','2023-05-03 16:20:00','STA2');
INSERT INTO TBL_Lead(MaLead,HoTenLead,GioiTinhLead,NgaySinhLead,SoDienThoaiLead,EmailLead,MaNgheNghiep,MaNVPhuTrachLead,TrangThaiLead,LyDoTrangThaiLead,NguonLead,GhiChuLead,LeadTuKHCu,TaoVaoLuc,TaoBoi,ChinhSuaLanCuoiVaoLuc,ChinhSuaLanCuoiBoi) VALUES ('LEA4','Lê Minh Quân','Nam','1992-09-25','0123456789','minhquanle@gmail.com','OCU4','STA9','Đang tư vấn',NULL,'Facebook',NULL,NULL,'2023-04-04 13:45:00','SYS0','2023-04-04 18:10:00','STA9');
INSERT INTO TBL_Lead(MaLead,HoTenLead,GioiTinhLead,NgaySinhLead,SoDienThoaiLead,EmailLead,MaNgheNghiep,MaNVPhuTrachLead,TrangThaiLead,LyDoTrangThaiLead,NguonLead,GhiChuLead,LeadTuKHCu,TaoVaoLuc,TaoBoi,ChinhSuaLanCuoiVaoLuc,ChinhSuaLanCuoiBoi) VALUES ('LEA5','Dương Thùy Dương','Nữ','2002-04-18','0333222111','duongthuyduong@gmail.com','OCU5','STA10','Ngừng theo dõi',NULL,'Truyền miệng',NULL,NULL,'2023-03-05 15:00:00','SYS0','2023-03-05 20:05:00','STA10');
INSERT INTO TBL_Lead(MaLead,HoTenLead,GioiTinhLead,NgaySinhLead,SoDienThoaiLead,EmailLead,MaNgheNghiep,MaNVPhuTrachLead,TrangThaiLead,LyDoTrangThaiLead,NguonLead,GhiChuLead,LeadTuKHCu,TaoVaoLuc,TaoBoi,ChinhSuaLanCuoiVaoLuc,ChinhSuaLanCuoiBoi) VALUES ('LEA6','Phan Duy Trọng','Nam','2003-05-15','0987654321','trongphanduy@gmail.com','OCU5','STA5','Đã thanh toán',NULL,'Facebook',NULL,NULL,'2023-02-06 17:15:00','SYS0','2023-02-06 22:40:00','STA5');
INSERT INTO TBL_Lead(MaLead,HoTenLead,GioiTinhLead,NgaySinhLead,SoDienThoaiLead,EmailLead,MaNgheNghiep,MaNVPhuTrachLead,TrangThaiLead,LyDoTrangThaiLead,NguonLead,GhiChuLead,LeadTuKHCu,TaoVaoLuc,TaoBoi,ChinhSuaLanCuoiVaoLuc,ChinhSuaLanCuoiBoi) VALUES ('LEA7','Trần Kim Ngọc','Nữ','1985-11-10','0909090909','ngockimtran@gmail.com','OCU6','STA11','Đang tư vấn',NULL,'Website',NULL,NULL,'2023-01-07 19:30:00','SYS0','2023-01-08 09:25:00','STA11');
INSERT INTO TBL_Lead(MaLead,HoTenLead,GioiTinhLead,NgaySinhLead,SoDienThoaiLead,EmailLead,MaNgheNghiep,MaNVPhuTrachLead,TrangThaiLead,LyDoTrangThaiLead,NguonLead,GhiChuLead,LeadTuKHCu,TaoVaoLuc,TaoBoi,ChinhSuaLanCuoiVaoLuc,ChinhSuaLanCuoiBoi) VALUES ('LEA8','Lâm Thy Nhã','Nữ','1979-07-20','0555666777','nhalamthy@gmail.com','OCU7','STA8','Chờ tư vấn',NULL,'Linkedln',NULL,NULL,'2023-12-08 21:45:00','SYS0','2023-12-09 14:15:00','STA8');
INSERT INTO TBL_Lead(MaLead,HoTenLead,GioiTinhLead,NgaySinhLead,SoDienThoaiLead,EmailLead,MaNgheNghiep,MaNVPhuTrachLead,TrangThaiLead,LyDoTrangThaiLead,NguonLead,GhiChuLead,LeadTuKHCu,TaoVaoLuc,TaoBoi,ChinhSuaLanCuoiVaoLuc,ChinhSuaLanCuoiBoi) VALUES ('LEA9','Bùi Xuân Vĩ','Nam','1982-01-12','0444333222','vixuanbui@gmail.com','OCU8','STA6','Đã thanh toán',NULL,'Facebook',NULL,NULL,'2023-11-09 23:59:00','SYS0','2023-11-10 08:50:00','STA6');
INSERT INTO TBL_Lead(MaLead,HoTenLead,GioiTinhLead,NgaySinhLead,SoDienThoaiLead,EmailLead,MaNgheNghiep,MaNVPhuTrachLead,TrangThaiLead,LyDoTrangThaiLead,NguonLead,GhiChuLead,LeadTuKHCu,TaoVaoLuc,TaoBoi,ChinhSuaLanCuoiVaoLuc,ChinhSuaLanCuoiBoi) VALUES ('LEA10','Dương Bích Tuyền','Nữ','1983-08-08','0111222333','tuyenbichduong@gmail.com','OCU9','STA3','Ngừng theo dõi',NULL,'Facebook',NULL,NULL,'2023-10-10 02:30:00','SYS0','2023-10-10 16:30:00','STA3');
-- SELECT * FROM TBL_Lead
;

INSERT INTO HoatDongLead(MaHDLead,MaLead,TenHDLead,LoaiHDLead,HDLeadDuocTaoBoi,MaNVPhuTrachHDLead,TenNVPhuTrachHDLead,MaEmailDenLead,TaoVaoLuc) VALUES ('LAC1','LEA1','Yêu cầu tư vấn đến Bùi Thị Thúy','Tư vấn','Lead','STA7','Bùi Thị Thúy',NULL,'2023-12-08 08:00:00');
INSERT INTO HoatDongLead(MaHDLead,MaLead,TenHDLead,LoaiHDLead,HDLeadDuocTaoBoi,MaNVPhuTrachHDLead,TenNVPhuTrachHDLead,MaEmailDenLead,TaoVaoLuc) VALUES ('LAC2','LEA2','Yêu cầu tư vấn đến Trần Mỹ Hạnh','Tư vấn','Lead','STA4','Trần Mỹ Hạnh',NULL,'2023-01-11 08:00:00');
INSERT INTO HoatDongLead(MaHDLead,MaLead,TenHDLead,LoaiHDLead,HDLeadDuocTaoBoi,MaNVPhuTrachHDLead,TenNVPhuTrachHDLead,MaEmailDenLead,TaoVaoLuc) VALUES ('LAC3','LEA3','Yêu cầu tư vấn đến Nguyễn Ngọc Hoàng','Tư vấn','Lead','STA2','Nguyễn Ngọc Hoàng',NULL,'2023-09-11 08:00:00');
INSERT INTO HoatDongLead(MaHDLead,MaLead,TenHDLead,LoaiHDLead,HDLeadDuocTaoBoi,MaNVPhuTrachHDLead,TenNVPhuTrachHDLead,MaEmailDenLead,TaoVaoLuc) VALUES ('LAC4','LEA4','Yêu cầu tư vấn đến Bùi Bích Trâm','Tư vấn','Lead','STA9','Bùi Bích Trâm',NULL,'2023-12-09 08:00:00');
INSERT INTO HoatDongLead(MaHDLead,MaLead,TenHDLead,LoaiHDLead,HDLeadDuocTaoBoi,MaNVPhuTrachHDLead,TenNVPhuTrachHDLead,MaEmailDenLead,TaoVaoLuc) VALUES ('LAC5','LEA5','Yêu cầu tư vấn đến Trần Thanh Mai','Tư vấn','Lead','STA10','Trần Thanh Mai',NULL,'2023-12-10 08:00:00');
INSERT INTO HoatDongLead(MaHDLead,MaLead,TenHDLead,LoaiHDLead,HDLeadDuocTaoBoi,MaNVPhuTrachHDLead,TenNVPhuTrachHDLead,MaEmailDenLead,TaoVaoLuc) VALUES ('LAC6','LEA6','Yêu cầu báo giá khóa học đến Trương Minh Tiến','Yêu cầu','Lead','STA5','Trương Minh Tiến',NULL,'2023-04-22 08:00:00');
INSERT INTO HoatDongLead(MaHDLead,MaLead,TenHDLead,LoaiHDLead,HDLeadDuocTaoBoi,MaNVPhuTrachHDLead,TenNVPhuTrachHDLead,MaEmailDenLead,TaoVaoLuc) VALUES ('LAC7','LEA7','Yêu cầu tư vấn đến Huỳnh Nhã Thy','Tư vấn','Lead','STA11','Huỳnh Nhã Thy',NULL,'2023-12-15 08:00:00');
INSERT INTO HoatDongLead(MaHDLead,MaLead,TenHDLead,LoaiHDLead,HDLeadDuocTaoBoi,MaNVPhuTrachHDLead,TenNVPhuTrachHDLead,MaEmailDenLead,TaoVaoLuc) VALUES ('LAC8','LEA8','Yêu cầu báo giá khóa học đến Trần Thúy Hằng','Yêu cầu','Lead','STA8','Trần Thúy Hằng',NULL,'2023-12-17 08:00:00');
INSERT INTO HoatDongLead(MaHDLead,MaLead,TenHDLead,LoaiHDLead,HDLeadDuocTaoBoi,MaNVPhuTrachHDLead,TenNVPhuTrachHDLead,MaEmailDenLead,TaoVaoLuc) VALUES ('LAC9','LEA9','Yêu cầu báo giá khóa học đến Nguyễn Đức Trung','Yêu cầu','Lead','STA6','Nguyễn Đức Trung',NULL,'2023-02-27 08:00:00');
INSERT INTO HoatDongLead(MaHDLead,MaLead,TenHDLead,LoaiHDLead,HDLeadDuocTaoBoi,MaNVPhuTrachHDLead,TenNVPhuTrachHDLead,MaEmailDenLead,TaoVaoLuc) VALUES ('LAC10','LEA10','Yêu cầu tư vấn đến Võ Anh Thư','Tư vấn','Lead','STA3','Võ Anh Thư',NULL,'2023-12-24 08:00:00');
-- SELECT * FROM HoatDongLead
;

INSERT INTO NgheNghiep(MaNgheNghiep,TenNgheNghiep,TrangThaiNgheNghiep,TaoVaoLuc,TaoBoi,ChinhSuaLanCuoiVaoLuc,ChinhSuaLanCuoiBoi) VALUES ('OCU1','Nhiếp ảnh','Đang được đưa vào sử dụng','2023-07-01 08:00:00','SYS0','2023-07-01 08:00:00','SYS0');
INSERT INTO NgheNghiep(MaNgheNghiep,TenNgheNghiep,TrangThaiNgheNghiep,TaoVaoLuc,TaoBoi,ChinhSuaLanCuoiVaoLuc,ChinhSuaLanCuoiBoi) VALUES ('OCU2','Phân tích dữ liệu','Đang được đưa vào sử dụng','2023-06-02 09:15:00','SYS0','2023-06-02 09:15:00','SYS0');
INSERT INTO NgheNghiep(MaNgheNghiep,TenNgheNghiep,TrangThaiNgheNghiep,TaoVaoLuc,TaoBoi,ChinhSuaLanCuoiVaoLuc,ChinhSuaLanCuoiBoi) VALUES ('OCU3','Chuyên viên kinh doanh','Đang được đưa vào sử dụng','2023-05-03 11:30:00','SYS0','2023-05-03 11:30:00','SYS0');
INSERT INTO NgheNghiep(MaNgheNghiep,TenNgheNghiep,TrangThaiNgheNghiep,TaoVaoLuc,TaoBoi,ChinhSuaLanCuoiVaoLuc,ChinhSuaLanCuoiBoi) VALUES ('OCU4','Giảng viên','Đang được đưa vào sử dụng','2023-04-04 13:45:00','SYS0','2023-04-04 13:45:00','SYS0');
INSERT INTO NgheNghiep(MaNgheNghiep,TenNgheNghiep,TrangThaiNgheNghiep,TaoVaoLuc,TaoBoi,ChinhSuaLanCuoiVaoLuc,ChinhSuaLanCuoiBoi) VALUES ('OCU5','Học sinh - Sinh viên','Đang được đưa vào sử dụng','2023-03-05 15:00:00','SYS0','2023-03-05 15:00:00','SYS0');
INSERT INTO NgheNghiep(MaNgheNghiep,TenNgheNghiep,TrangThaiNgheNghiep,TaoVaoLuc,TaoBoi,ChinhSuaLanCuoiVaoLuc,ChinhSuaLanCuoiBoi) VALUES ('OCU6','Bác sĩ','Đang được đưa vào sử dụng','2023-01-07 19:30:00','SYS0','2023-01-07 19:30:00','SYS0');
INSERT INTO NgheNghiep(MaNgheNghiep,TenNgheNghiep,TrangThaiNgheNghiep,TaoVaoLuc,TaoBoi,ChinhSuaLanCuoiVaoLuc,ChinhSuaLanCuoiBoi) VALUES ('OCU7','Mua bán','Đang được đưa vào sử dụng','2023-12-08 21:45:00','SYS0','2023-12-08 21:45:00','SYS0');
INSERT INTO NgheNghiep(MaNgheNghiep,TenNgheNghiep,TrangThaiNgheNghiep,TaoVaoLuc,TaoBoi,ChinhSuaLanCuoiVaoLuc,ChinhSuaLanCuoiBoi) VALUES ('OCU8','Nhà báo','Đang được đưa vào sử dụng','2023-11-09 23:59:00','SYS0','2023-11-09 23:59:00','SYS0');
INSERT INTO NgheNghiep(MaNgheNghiep,TenNgheNghiep,TrangThaiNgheNghiep,TaoVaoLuc,TaoBoi,ChinhSuaLanCuoiVaoLuc,ChinhSuaLanCuoiBoi) VALUES ('OCU9','Nhân viên bất động sản','Đang được đưa vào sử dụng','2023-10-10 02:30:00','SYS0','2023-10-10 02:30:00','SYS0');
-- SELECT * FROM HoatDongLead
;

INSERT INTO BaoGia(MaBaoGia,TenBaoGia,MaLead,HoTenLead,TongTienTruocGiam,MaGiamGia,PhamTramGiamGIa,TongTien,TrangThaiBaoGia,TaoVaoLuc,TaoBoi,ChinhSuaLanCuoiVaoLuc,ChinhSuaLanCuoiBoi) VALUES ('QUO1','Báo giá cho khóa học online IT Business Analysis','LEA6','Phan Duy Trọng',4000000,'DIC1',15,3400000,'Đã thanh toán','2023-04-30 10:51:08','SYS0','2023-04-30 10:51:08','SYS0');
INSERT INTO BaoGia(MaBaoGia,TenBaoGia,MaLead,HoTenLead,TongTienTruocGiam,MaGiamGia,PhamTramGiamGIa,TongTien,TrangThaiBaoGia,TaoVaoLuc,TaoBoi,ChinhSuaLanCuoiVaoLuc,ChinhSuaLanCuoiBoi) VALUES ('QUO2','Báo giá cho khóa học online Product Owner Master Class','LEA9','Bùi Xuân Vĩ',5400000,NULL,NULL,5400000,'Đã thanh toán','2023-04-29 03:07:18','SYS0','2023-04-29 03:07:18','SYS0');
INSERT INTO BaoGia(MaBaoGia,TenBaoGia,MaLead,HoTenLead,TongTienTruocGiam,MaGiamGia,PhamTramGiamGIa,TongTien,TrangThaiBaoGia,TaoVaoLuc,TaoBoi,ChinhSuaLanCuoiVaoLuc,ChinhSuaLanCuoiBoi) VALUES ('QUO3','Báo giá cho khóa học online Product Owner Master Class','LEA3','Nguyễn Thu Việc',5400000,NULL,NULL,5400000,'Chưa thanh toán','2023-09-11 14:04:24','SYS0','2023-09-11 14:04:24','SYS0');
INSERT INTO BaoGia(MaBaoGia,TenBaoGia,MaLead,HoTenLead,TongTienTruocGiam,MaGiamGia,PhamTramGiamGIa,TongTien,TrangThaiBaoGia,TaoVaoLuc,TaoBoi,ChinhSuaLanCuoiVaoLuc,ChinhSuaLanCuoiBoi) VALUES ('QUO4','Báo giá cho khóa học online Business Intelligence','LEA4','Lê Minh Quân',5482000,'DIC2',10,4933800,'Chưa thanh toán','2023-09-15 17:56:52','SYS0','2023-09-15 17:56:52','SYS0');
INSERT INTO BaoGia(MaBaoGia,TenBaoGia,MaLead,HoTenLead,TongTienTruocGiam,MaGiamGia,PhamTramGiamGIa,TongTien,TrangThaiBaoGia,TaoVaoLuc,TaoBoi,ChinhSuaLanCuoiVaoLuc,ChinhSuaLanCuoiBoi) VALUES ('QUO5','Báo giá cho khóa học online Desktop Coding Class','LEA7','Trần Kim Ngọc',4370000,NULL,NULL,4370000,'Đã hết hạn','2023-02-23 10:43:42','SYS0','2023-02-23 10:43:42','SYS0');
-- SELECT * FROM BaoGia
;

INSERT INTO ChiTietKhoaHocThuocBaoGia(MaBaoGia,MaKhoaHoc,TenKhoaHoc,GiangVien,GiaTien) VALUES ('QUO1','CRS1','IT Business Analysis','Ryan Nguyễn',4000000);
INSERT INTO ChiTietKhoaHocThuocBaoGia(MaBaoGia,MaKhoaHoc,TenKhoaHoc,GiangVien,GiaTien) VALUES ('QUO2','CRS2','Product Owner Master Class','Harry Phạm',5400000);
INSERT INTO ChiTietKhoaHocThuocBaoGia(MaBaoGia,MaKhoaHoc,TenKhoaHoc,GiangVien,GiaTien) VALUES ('QUO3','CRS2','Product Owner Master Class','Harry Phạm',5400000);
INSERT INTO ChiTietKhoaHocThuocBaoGia(MaBaoGia,MaKhoaHoc,TenKhoaHoc,GiangVien,GiaTien) VALUES ('QUO4','CRS5','Business Intelligence','Anh Tú',5482000);
INSERT INTO ChiTietKhoaHocThuocBaoGia(MaBaoGia,MaKhoaHoc,TenKhoaHoc,GiangVien,GiaTien) VALUES ('QUO5','CRS8','Desktop Coding Class','Jennie Huỳnh',4370000);
-- SELECT * FROM ChiTietKhoaHocThuocBaoGia
;

INSERT INTO QuyDinhGiamGia(MaQuyDinhGiamGia,MoTaLoaiGiamGia,SoLuongKhoaHocDangKy,MaNgheNghiep,NgayBatDau,NgayKetThuc,PhanTramGiamGiaMacDinh,PhanTramGiamGiaToiDa,TaoVaoLuc,TaoBoi,ChinhSuaLanCuoiVaoLuc,ChinhSuaLanCuoiBoi,TrangThaiQuyDinhGiamGia) VALUES ('DIS1','Giảm giá cơ bản',1,NULL,NULL,NULL,0,10,'2023-01-01 13:42:11','STA1','2023-01-01 13:42:11','STA1','Đang hoạt động');
INSERT INTO QuyDinhGiamGia(MaQuyDinhGiamGia,MoTaLoaiGiamGia,SoLuongKhoaHocDangKy,MaNgheNghiep,NgayBatDau,NgayKetThuc,PhanTramGiamGiaMacDinh,PhanTramGiamGiaToiDa,TaoVaoLuc,TaoBoi,ChinhSuaLanCuoiVaoLuc,ChinhSuaLanCuoiBoi,TrangThaiQuyDinhGiamGia) VALUES ('DIS2','Giảm giá cho đối tượng ưu tiên',1,'OCU5',NULL,NULL,5,15,'2023-03-22 18:55:04','STA1','2023-03-22 18:55:04','STA1','Đang hoạt động');
INSERT INTO QuyDinhGiamGia(MaQuyDinhGiamGia,MoTaLoaiGiamGia,SoLuongKhoaHocDangKy,MaNgheNghiep,NgayBatDau,NgayKetThuc,PhanTramGiamGiaMacDinh,PhanTramGiamGiaToiDa,TaoVaoLuc,TaoBoi,ChinhSuaLanCuoiVaoLuc,ChinhSuaLanCuoiBoi,TrangThaiQuyDinhGiamGia) VALUES ('DIS3','Giảm giá cho đối tượng ưu tiên và ngày đặc biệt',1,'OCU5','2023-11-23','2023-11-29',10,20,'2023-03-28 10:55:18','STA1','2023-03-28 10:55:18','STA1','Đang hoạt động');
INSERT INTO QuyDinhGiamGia(MaQuyDinhGiamGia,MoTaLoaiGiamGia,SoLuongKhoaHocDangKy,MaNgheNghiep,NgayBatDau,NgayKetThuc,PhanTramGiamGiaMacDinh,PhanTramGiamGiaToiDa,TaoVaoLuc,TaoBoi,ChinhSuaLanCuoiVaoLuc,ChinhSuaLanCuoiBoi,TrangThaiQuyDinhGiamGia) VALUES ('DIS4','Giảm giá nâng cao',2,NULL,NULL,NULL,5,15,'2023-01-22 16:01:33','STA1','2023-01-22 16:01:33','STA1','Đang hoạt động');
INSERT INTO QuyDinhGiamGia(MaQuyDinhGiamGia,MoTaLoaiGiamGia,SoLuongKhoaHocDangKy,MaNgheNghiep,NgayBatDau,NgayKetThuc,PhanTramGiamGiaMacDinh,PhanTramGiamGiaToiDa,TaoVaoLuc,TaoBoi,ChinhSuaLanCuoiVaoLuc,ChinhSuaLanCuoiBoi,TrangThaiQuyDinhGiamGia) VALUES ('DIS5','Giảm giá cho khách hàng tiềm năng',2,'OCU5',NULL,NULL,10,15,'2023-03-13 08:32:44','STA1','2023-03-13 08:32:44','STA1','Đang hoạt động');
INSERT INTO QuyDinhGiamGia(MaQuyDinhGiamGia,MoTaLoaiGiamGia,SoLuongKhoaHocDangKy,MaNgheNghiep,NgayBatDau,NgayKetThuc,PhanTramGiamGiaMacDinh,PhanTramGiamGiaToiDa,TaoVaoLuc,TaoBoi,ChinhSuaLanCuoiVaoLuc,ChinhSuaLanCuoiBoi,TrangThaiQuyDinhGiamGia) VALUES ('DIS6','Giảm giá cho khách hàng tiềm năng và ngày đặc biệt',2,'OCU5','2023-11-23','2023-11-29',15,15,'2023-02-04 20:37:15','STA1','2023-02-04 20:37:15','STA1','Đang hoạt động');
INSERT INTO QuyDinhGiamGia(MaQuyDinhGiamGia,MoTaLoaiGiamGia,SoLuongKhoaHocDangKy,MaNgheNghiep,NgayBatDau,NgayKetThuc,PhanTramGiamGiaMacDinh,PhanTramGiamGiaToiDa,TaoVaoLuc,TaoBoi,ChinhSuaLanCuoiVaoLuc,ChinhSuaLanCuoiBoi,TrangThaiQuyDinhGiamGia) VALUES ('DIS7','Giảm giá cho khách hàng VIP',3,NULL,NULL,NULL,10,20,'2023-01-04 18:57:40','STA1','2023-01-04 18:57:40','STA1','Đang hoạt động');
INSERT INTO QuyDinhGiamGia(MaQuyDinhGiamGia,MoTaLoaiGiamGia,SoLuongKhoaHocDangKy,MaNgheNghiep,NgayBatDau,NgayKetThuc,PhanTramGiamGiaMacDinh,PhanTramGiamGiaToiDa,TaoVaoLuc,TaoBoi,ChinhSuaLanCuoiVaoLuc,ChinhSuaLanCuoiBoi,TrangThaiQuyDinhGiamGia) VALUES ('DIS8','Giảm giá ưu đãi thêm cho khách hàng VIP',3,'OCU5',NULL,NULL,15,25,'2023-03-06 04:08:40','STA1','2023-03-06 04:08:40','STA1','Đang hoạt động');
INSERT INTO QuyDinhGiamGia(MaQuyDinhGiamGia,MoTaLoaiGiamGia,SoLuongKhoaHocDangKy,MaNgheNghiep,NgayBatDau,NgayKetThuc,PhanTramGiamGiaMacDinh,PhanTramGiamGiaToiDa,TaoVaoLuc,TaoBoi,ChinhSuaLanCuoiVaoLuc,ChinhSuaLanCuoiBoi,TrangThaiQuyDinhGiamGia) VALUES ('DIS9','Giảm giá ưu đãi thêm cho khách hàng VIP và ngày đặc biệt',3,'OCU5','2023-11-23','2023-11-29',20,30,'2023-03-31 09:14:21','STA1','2023-03-31 09:14:21','STA1','Đang hoạt động');
-- SELECT * FROM QuyDinhGiamGia
;

INSERT INTO MaGiamGia(MaGiamGia,MoTaMaGiamGia,PhamViApDung,PhanTramGiamGia,TrangThaiMaGiamGia,MaQuyDinhGiamGia,TaoVaoLuc,TaoBoi,ChinhSuaLanCuoiVaoLuc,ChinhSuaLanCuoiBoi) VALUES ('DIC1','MUAGICUNGRE15','Cho cá nhân',15,'Khả dụng','DIS2','2023-07-21 14:45:24','SYS0','2023-07-21 14:45:24','SYS0');
INSERT INTO MaGiamGia(MaGiamGia,MoTaMaGiamGia,PhamViApDung,PhanTramGiamGia,TrangThaiMaGiamGia,MaQuyDinhGiamGia,TaoVaoLuc,TaoBoi,ChinhSuaLanCuoiVaoLuc,ChinhSuaLanCuoiBoi) VALUES ('DIC2','HOCSINHSINHVIEN15','Cho nhóm',10,'Đang duyệt','DIS1','2023-07-10 11:04:37','SYS0','2023-07-10 11:04:37','SYS0');
INSERT INTO MaGiamGia(MaGiamGia,MoTaMaGiamGia,PhamViApDung,PhanTramGiamGia,TrangThaiMaGiamGia,MaQuyDinhGiamGia,TaoVaoLuc,TaoBoi,ChinhSuaLanCuoiVaoLuc,ChinhSuaLanCuoiBoi) VALUES ('DIC3','NGAYPHUNU10','Cho cá nhân',10,'Khả dụng','DIS2','2023-09-02 19:20:43','SYS0','2023-09-02 19:20:43','SYS0');
INSERT INTO MaGiamGia(MaGiamGia,MoTaMaGiamGia,PhamViApDung,PhanTramGiamGia,TrangThaiMaGiamGia,MaQuyDinhGiamGia,TaoVaoLuc,TaoBoi,ChinhSuaLanCuoiVaoLuc,ChinhSuaLanCuoiBoi) VALUES ('DIC4','NGAYNHAGIAOVIETNAM15','Cho cá nhân',15,'Khả dụng','DIS3','2023-09-12 04:20:41','SYS0','2023-09-12 04:20:41','SYS0');
INSERT INTO MaGiamGia(MaGiamGia,MoTaMaGiamGia,PhamViApDung,PhanTramGiamGia,TrangThaiMaGiamGia,MaQuyDinhGiamGia,TaoVaoLuc,TaoBoi,ChinhSuaLanCuoiVaoLuc,ChinhSuaLanCuoiBoi) VALUES ('DIC5','NGAYSINHNHAT15','Cho cá nhân',15,'Khả dụng','DIS5','2023-04-01 10:27:42','SYS0','2023-04-01 10:27:42','SYS0');
INSERT INTO MaGiamGia(MaGiamGia,MoTaMaGiamGia,PhamViApDung,PhanTramGiamGia,TrangThaiMaGiamGia,MaQuyDinhGiamGia,TaoVaoLuc,TaoBoi,ChinhSuaLanCuoiVaoLuc,ChinhSuaLanCuoiBoi) VALUES ('DIC6','CHAPCANHUOCMO5','Cho nhóm',5,'Khả dụng','DIS1','2023-08-15 07:47:55','SYS0','2023-08-15 07:47:55','SYS0');
INSERT INTO MaGiamGia(MaGiamGia,MoTaMaGiamGia,PhamViApDung,PhanTramGiamGia,TrangThaiMaGiamGia,MaQuyDinhGiamGia,TaoVaoLuc,TaoBoi,ChinhSuaLanCuoiVaoLuc,ChinhSuaLanCuoiBoi) VALUES ('DIC7','BLACKFRIDAY20','Không giới hạn',15,'Hết hạn','DIS6','2023-09-11 16:30:11','SYS0','2023-09-11 16:30:11','SYS0');
INSERT INTO MaGiamGia(MaGiamGia,MoTaMaGiamGia,PhamViApDung,PhanTramGiamGia,TrangThaiMaGiamGia,MaQuyDinhGiamGia,TaoVaoLuc,TaoBoi,ChinhSuaLanCuoiVaoLuc,ChinhSuaLanCuoiBoi) VALUES ('DIC8','WELCOME10','Cho nhóm',10,'Hết hạn','DIS1','2023-11-02 05:25:32','SYS0','2023-11-02 05:25:32','SYS0');
INSERT INTO MaGiamGia(MaGiamGia,MoTaMaGiamGia,PhamViApDung,PhanTramGiamGia,TrangThaiMaGiamGia,MaQuyDinhGiamGia,TaoVaoLuc,TaoBoi,ChinhSuaLanCuoiVaoLuc,ChinhSuaLanCuoiBoi) VALUES ('DIC9','VIP20','Cho cá nhân',20,'Khả dụng','DIS3','2023-05-18 08:21:16','SYS0','2023-05-18 08:21:16','SYS0');
INSERT INTO MaGiamGia(MaGiamGia,MoTaMaGiamGia,PhamViApDung,PhanTramGiamGia,TrangThaiMaGiamGia,MaQuyDinhGiamGia,TaoVaoLuc,TaoBoi,ChinhSuaLanCuoiVaoLuc,ChinhSuaLanCuoiBoi) VALUES ('DIC10','GIFT25','Không giới hạn',25,'Hết hạn','DIS9','2023-04-21 06:41:30','SYS0','2023-04-21 06:41:30','SYS0');
-- SELECT * FROM MaGiamGia
;

INSERT INTO ChiTietDoiTuongUuDai(MaGiamGia,MaLead,DaApDung) VALUES ('DIC1','LEA6','Có');
INSERT INTO ChiTietDoiTuongUuDai(MaGiamGia,MaLead,DaApDung) VALUES ('DIC3','LEA9','Không');
INSERT INTO ChiTietDoiTuongUuDai(MaGiamGia,MaLead,DaApDung) VALUES ('DIC8','LEA3','Không');
INSERT INTO ChiTietDoiTuongUuDai(MaGiamGia,MaLead,DaApDung) VALUES ('DIC5','LEA4','Không');
INSERT INTO ChiTietDoiTuongUuDai(MaGiamGia,MaLead,DaApDung) VALUES ('DIC2','LEA7','Có');
-- SELECT * FROM ChiTietDoiTuongUuDai
;

INSERT INTO KhachHang(MaKH,HoTenKH,GioiTinhKH,NgaySinhKH,SoDienThoaiKH,EmailKH,MaNgheNghiep,MaNVPhuTrachKH,TenNVPhuTrachKH,TrangThaiKH,LyDoTrangThaiKH,GhiChuKH,ChuyenDoiTuMaLead,TaoVaoLuc,TaoBoi,ChinhSuaLanCuoiVaoLuc,ChinhSuaLanCuoiBoi) VALUES ('CUS1','Phan Duy Trọng','Nam','2003-05-15','0987654321','trongphanduy@gmail.com','OCU5','STA5','Trương Minh Tiến','Đang hoạt động',NULL,NULL,'LEA6','2023-09-01 08:00:00','SYS0','2023-09-01 10:30:00','STA5');
INSERT INTO KhachHang(MaKH,HoTenKH,GioiTinhKH,NgaySinhKH,SoDienThoaiKH,EmailKH,MaNgheNghiep,MaNVPhuTrachKH,TenNVPhuTrachKH,TrangThaiKH,LyDoTrangThaiKH,GhiChuKH,ChuyenDoiTuMaLead,TaoVaoLuc,TaoBoi,ChinhSuaLanCuoiVaoLuc,ChinhSuaLanCuoiBoi) VALUES ('CUS2','Lê Minh Quân','Nam','1992-09-25','0123456789','minhquanle@gmail.com','OCU4','STA9','Bùi Bích Trâm','Đang hoạt động',NULL,NULL,'LEA4','2023-09-02 09:15:00','SYS0','2023-09-02 14:45:00','STA9');
INSERT INTO KhachHang(MaKH,HoTenKH,GioiTinhKH,NgaySinhKH,SoDienThoaiKH,EmailKH,MaNgheNghiep,MaNVPhuTrachKH,TenNVPhuTrachKH,TrangThaiKH,LyDoTrangThaiKH,GhiChuKH,ChuyenDoiTuMaLead,TaoVaoLuc,TaoBoi,ChinhSuaLanCuoiVaoLuc,ChinhSuaLanCuoiBoi) VALUES ('CUS3','Trần Kim Ngọc','Nữ','1985-11-10','0909090909','ngockimtran@gmai.com','OCU6','STA11','Huỳnh Nhã Thy','Đang hoạt động',NULL,NULL,'LEA7','2023-09-03 11:30:00','SYS0','2023-09-03 16:20:00','STA11');
INSERT INTO KhachHang(MaKH,HoTenKH,GioiTinhKH,NgaySinhKH,SoDienThoaiKH,EmailKH,MaNgheNghiep,MaNVPhuTrachKH,TenNVPhuTrachKH,TrangThaiKH,LyDoTrangThaiKH,GhiChuKH,ChuyenDoiTuMaLead,TaoVaoLuc,TaoBoi,ChinhSuaLanCuoiVaoLuc,ChinhSuaLanCuoiBoi) VALUES ('CUS4','Nguyễn Thu Việc','Nữ','1988-03-02','0888777666','viecthunguyen@gmail.com','OCU3','STA2','Nguyễn Ngọc Hoàng','Đang hoạt động',NULL,NULL,'LEA3','2023-09-04 13:45:00','SYS0','2023-09-04 18:10:00','STA2');
INSERT INTO KhachHang(MaKH,HoTenKH,GioiTinhKH,NgaySinhKH,SoDienThoaiKH,EmailKH,MaNgheNghiep,MaNVPhuTrachKH,TenNVPhuTrachKH,TrangThaiKH,LyDoTrangThaiKH,GhiChuKH,ChuyenDoiTuMaLead,TaoVaoLuc,TaoBoi,ChinhSuaLanCuoiVaoLuc,ChinhSuaLanCuoiBoi) VALUES ('CUS5','Bùi Xuân Vĩ','Nam','1982-01-12','0444333222','vixuanbui@gmail.com','OCU8','STA6','Nguyễn Đức Trung','Đang hoạt động',NULL,NULL,'LEA9','2023-09-05 15:00:00','SYS0','2023-09-05 20:05:00','STA6');
INSERT INTO KhachHang(MaKH,HoTenKH,GioiTinhKH,NgaySinhKH,SoDienThoaiKH,EmailKH,MaNgheNghiep,MaNVPhuTrachKH,TenNVPhuTrachKH,TrangThaiKH,LyDoTrangThaiKH,GhiChuKH,ChuyenDoiTuMaLead,TaoVaoLuc,TaoBoi,ChinhSuaLanCuoiVaoLuc,ChinhSuaLanCuoiBoi) VALUES ('CUS6','Ngô Thị Kim Cương','Nữ','1991-06-30','0777007007','kimcuongngothi@gmail.com','OCU1','STA7','Bùi Thị Thúy','Đang hoạt động',NULL,NULL,'LEA1','2023-09-06 17:15:00','SYS0','2023-09-06 22:40:00','STA7');
INSERT INTO KhachHang(MaKH,HoTenKH,GioiTinhKH,NgaySinhKH,SoDienThoaiKH,EmailKH,MaNgheNghiep,MaNVPhuTrachKH,TenNVPhuTrachKH,TrangThaiKH,LyDoTrangThaiKH,GhiChuKH,ChuyenDoiTuMaLead,TaoVaoLuc,TaoBoi,ChinhSuaLanCuoiVaoLuc,ChinhSuaLanCuoiBoi) VALUES ('CUS7','Nguyễn Hoàng Minh','Nam','1978-12-05','0999888777','minhhoangnguyen@gmail.com','OCU2','STA4','Trần Mỹ Hạnh','Đang hoạt động',NULL,NULL,'LEA2','2023-09-07 19:30:00','SYS0','2023-09-08 09:25:00','STA4');
INSERT INTO KhachHang(MaKH,HoTenKH,GioiTinhKH,NgaySinhKH,SoDienThoaiKH,EmailKH,MaNgheNghiep,MaNVPhuTrachKH,TenNVPhuTrachKH,TrangThaiKH,LyDoTrangThaiKH,GhiChuKH,ChuyenDoiTuMaLead,TaoVaoLuc,TaoBoi,ChinhSuaLanCuoiVaoLuc,ChinhSuaLanCuoiBoi) VALUES ('CUS8','Dương Bích Tuyền','Nữ','1983-08-08','0111222333','tuyenbichduong@gmail.com','OCU9','STA3','Võ Anh Thư','Đang hoạt động',NULL,NULL,'LEA10','2023-09-08 21:45:00','SYS0','2023-09-08 14:15:00','STA3');
-- SELECT * FROM KhachHang
;

INSERT INTO HoatDongKH(MaHDKH,MaKH,TenHDKH,LoaiHDKH,HDKHDuocTaoBoi,MaNVPhuTrachHDKH,TenNVPhuTrachHDKH,MaEmailDenKH,TaoVaoLuc) VALUES ('CA1','CUS1','Yêu cầu tư vấn khóa học đến Trương Minh Tiến','Tư vấn','Khách hàng','STA5','Trương Minh Tiến',NULL,'2023-12-01 08:00:00');
INSERT INTO HoatDongKH(MaHDKH,MaKH,TenHDKH,LoaiHDKH,HDKHDuocTaoBoi,MaNVPhuTrachHDKH,TenNVPhuTrachHDKH,MaEmailDenKH,TaoVaoLuc) VALUES ('CA2','CUS2','Yêu cầu tư vấn khóa học Database Foundation Class đến Bùi Bích Trâm','Tư vấn','Khách hàng','STA9','Bùi Bích Trâm',NULL,'2023-12-02 08:00:00');
INSERT INTO HoatDongKH(MaHDKH,MaKH,TenHDKH,LoaiHDKH,HDKHDuocTaoBoi,MaNVPhuTrachHDKH,TenNVPhuTrachHDKH,MaEmailDenKH,TaoVaoLuc) VALUES ('CA3','CUS3','Yêu cầu tư vấn khóa học Business Intelligence đến Huỳnh Nhã Thy','Tư vấn','Khách hàng','STA11','Huỳnh Nhã Thy',NULL,'2023-12-03 08:00:00');
INSERT INTO HoatDongKH(MaHDKH,MaKH,TenHDKH,LoaiHDKH,HDKHDuocTaoBoi,MaNVPhuTrachHDKH,TenNVPhuTrachHDKH,MaEmailDenKH,TaoVaoLuc) VALUES ('CA4','CUS4','Yêu cầu tư vấn khóa học đến Nguyễn Ngọc Hoàng','Tư vấn','Khách hàng','STA2','Nguyễn Ngọc Hoàng',NULL,'2023-12-04 08:00:00');
INSERT INTO HoatDongKH(MaHDKH,MaKH,TenHDKH,LoaiHDKH,HDKHDuocTaoBoi,MaNVPhuTrachHDKH,TenNVPhuTrachHDKH,MaEmailDenKH,TaoVaoLuc) VALUES ('CA5','CUS5','Yêu cầu tư vấn khóa học đến Nguyễn Đức Trung','Tư vấn','Khách hàng','STA6','Nguyễn Đức Trung',NULL,'2023-12-05 08:00:00');
INSERT INTO HoatDongKH(MaHDKH,MaKH,TenHDKH,LoaiHDKH,HDKHDuocTaoBoi,MaNVPhuTrachHDKH,TenNVPhuTrachHDKH,MaEmailDenKH,TaoVaoLuc) VALUES ('CA6','CUS6','Yêu cầu tư vấn khóa học đến Bùi Thị Thúy','Tư vấn','Khách hàng','STA7','Bùi Thị Thúy',NULL,'2023-12-06 08:00:00');
INSERT INTO HoatDongKH(MaHDKH,MaKH,TenHDKH,LoaiHDKH,HDKHDuocTaoBoi,MaNVPhuTrachHDKH,TenNVPhuTrachHDKH,MaEmailDenKH,TaoVaoLuc) VALUES ('CA7','CUS7','Yêu cầu tư vấn khóa học Desktop Coding Class đến Trần Mỹ Hạnh','Tư vấn','Khách hàng','STA4','Trần Mỹ Hạnh',NULL,'2023-12-07 08:00:00');
INSERT INTO HoatDongKH(MaHDKH,MaKH,TenHDKH,LoaiHDKH,HDKHDuocTaoBoi,MaNVPhuTrachHDKH,TenNVPhuTrachHDKH,MaEmailDenKH,TaoVaoLuc) VALUES ('CA8','CUS8','Yêu cầu tư vấn khóa học Business Data Engineer đến Võ Anh Thư','Tư vấn','Khách hàng','STA3','Võ Anh Thư',NULL,'2023-12-08 08:00:00');
-- SELECT * FROM HoatDongKH
;

INSERT INTO KhoaHoc(MaKhoaHoc,TenKhoaHoc,MoTaNgan,MoTaDai,ThoiLuongKhoaHoc,SoBaiViet,SoFileTaiXuong,GiangVien,MucDoKhoaHoc,LuotDanhGia,SoLuongHocVienToiDa,SoLuongHocVienConLai,GiaTien,NgayKhaiGiang,NgayBeGiang,DanhGiaKhoaHoc,TrangThaiKhoaHoc,MaLoaiKhoaHoc,TaoVaoLuc,TaoBoi,ChinhSuaLanCuoiVaoLuc,ChinhSuaLanCuoiBoi) VALUES ('CRS1','IT Business Analysis - K3','Khóa học IT Business Analysis, học viên sẽ được giảng dạy các kỹ năng cơ bản và công cụ phân tích kinh doanh, bao gồm thu thập và phân tích yêu cầu, mô hình hóa quy trình kinh doanh, xác định và giải quyết vấn đề, và quản lý dự án. Họ sẽ tìm hiểu về các phương pháp và kỹ thuật phân tích yêu cầu, cách thực hiện các cuộc phỏng vấn và phân tích tài liệu, cùng với việc sử dụng các công cụ và phần mềm hỗ trợ như Microsoft Visio, Excel, và các hệ thống quản lý yêu cầu.','Khóa học IT Business Analysis: Nền tảng cho Sự Nghiệp Chuyên Nghiệp
Giới thiệu
Khóa học IT Business Analysis là cơ hội tuyệt vời cho những ai muốn tiếp cận với lĩnh vực phân tích kinh doanh và quản lý dự án trong ngành công nghiệp công nghệ thông tin. Được thiết kế bởi các chuyên gia hàng đầu trong lĩnh vực, khóa học này cung cấp một cơ sở vững chắc và các kỹ năng thiết yếu để thành công trong vai trò IT Business Analyst.

Nội dung
Trải qua khóa học, học viên sẽ tiếp cận với các khái niệm cơ bản và công cụ quan trọng trong lĩnh vực IT Business Analysis. Họ sẽ học cách thu thập và phân tích yêu cầu từ các bên liên quan, xây dựng các mô hình quy trình kinh doanh hiệu quả, và biết cách xác định và giải quyết các vấn đề phức tạp trong dự án.

Học phần Chính
Phân tích yêu cầu: Học viên sẽ được trang bị với các phương pháp và kỹ thuật phân tích yêu cầu hiệu quả, từ việc tiếp nhận thông tin đến việc phân tích và đánh giá yêu cầu.
Mô hình hóa quy trình kinh doanh: Khám phá cách xây dựng các mô hình quy trình kinh doanh để hiểu rõ hơn về hoạt động của doanh nghiệp và tìm ra các cơ hội tối ưu hóa.
Xác định và giải quyết vấn đề: Học cách phát hiện và giải quyết các vấn đề phức tạp trong môi trường dự án.
Quản lý dự án: Học viên sẽ được hướng dẫn về các nguyên tắc quản lý dự án và làm thế nào để duy trì sự tiến bộ của dự án.
Công cụ và Phần mềm
Không chỉ tập trung vào lý thuyết, khóa học cũng cung cấp cho học viên các kinh nghiệm thực tiễn với việc sử dụng các công cụ và phần mềm hỗ trợ như Microsoft Visio, Excel và các hệ thống quản lý yêu cầu. Điều này giúp họ phát triển kỹ năng thực hành và sẵn sàng áp dụng những gì họ học được vào môi trường làm việc thực tế.

Kết luận
Khóa học IT Business Analysis không chỉ là một cơ hội để học hỏi mà còn là một bước đệm quan trọng cho sự nghiệp trong ngành công nghiệp công nghệ thông tin. Với cơ sở kiến thức và kỹ năng thực hành mà họ nhận được, học viên sẽ tự tin bước vào thị trường lao động và chinh phục mọi thách thức mà họ gặp phải trong vai trò IT Business Analyst.',36,90,28,'Ryan Nguyễn','Người mới',123,42,37,4000000,'2023-02-22','2023-03-22',4.5,'Đang vận hành','CID1','2023-01-14 01:04:10','SYS0','2023-01-15 06:38:49','SYS0');
INSERT INTO KhoaHoc(MaKhoaHoc,TenKhoaHoc,MoTaNgan,MoTaDai,ThoiLuongKhoaHoc,SoBaiViet,SoFileTaiXuong,GiangVien,MucDoKhoaHoc,LuotDanhGia,SoLuongHocVienToiDa,SoLuongHocVienConLai,GiaTien,NgayKhaiGiang,NgayBeGiang,DanhGiaKhoaHoc,TrangThaiKhoaHoc,MaLoaiKhoaHoc,TaoVaoLuc,TaoBoi,ChinhSuaLanCuoiVaoLuc,ChinhSuaLanCuoiBoi) VALUES ('CRS2','Product Owner Master Class - K2','Khóa học Product Owner Master Class là một chương trình đào tạo chuyên sâu dành cho những người muốn trở thành Product Owner chuyên nghiệp hoặc muốn nâng cao kỹ năng quản lý sản phẩm của mình. Khóa học này cung cấp kiến thức và công cụ cần thiết để thành công trong vai trò Product Owner trong một dự án phát triển phần mềm hoặc sản phẩm công nghệ.','Khóa học Product Owner Master Class: Hướng dẫn Tối Ưu Hóa Quản Lý Sản Phẩm
Giới thiệu
Khóa học Product Owner Master Class là điểm đến lý tưởng cho những cá nhân có mong muốn trở thành những Product Owner chuyên nghiệp hoặc muốn nâng cao kỹ năng quản lý sản phẩm của mình. Được thiết kế bởi các chuyên gia hàng đầu trong ngành, khóa học này cung cấp sự hiểu biết sâu sắc và các công cụ cần thiết để thăng tiến trong vai trò quản lý sản phẩm.

Nội dung
Trải qua khóa học, học viên sẽ tiếp cận với một loạt các khái niệm và kỹ năng cần thiết để làm việc hiệu quả như một Product Owner. Họ sẽ học cách xác định và quản lý các yêu cầu của khách hàng, tối ưu hóa sản phẩm và dẫn dắt dự án phát triển phần mềm hoặc sản phẩm công nghệ.

Học phần Chính
Quản lý Sản phẩm: Học cách xác định và ưu tiên các tính năng sản phẩm để đảm bảo rằng sản phẩm đáp ứng được nhu cầu của thị trường và mong muốn của khách hàng.
Lập Kế Hoạch: Học viên sẽ được hướng dẫn về cách lập kế hoạch cho dự án phát triển sản phẩm, từ việc xác định mục tiêu cho đến phân tích rủi ro và lên lịch làm việc.
Tương Tác với Team Phát Triển: Học cách làm việc hiệu quả với các team phát triển, thúc đẩy sự sáng tạo và đảm bảo rằng sản phẩm được phát triển đúng hướng.
Quản lý Yêu cầu: Học viên sẽ được hướng dẫn về cách quản lý yêu cầu sản phẩm, từ việc thu thập thông tin đến việc đảm bảo tính khả thi và hiệu quả của chúng.
Công cụ và Phần mềm
Không chỉ cung cấp kiến thức lý thuyết, khóa học cũng tập trung vào việc thực hành thông qua việc sử dụng các công cụ và phần mềm quan trọng như Jira, Trello và các phương tiện tương tác khác để tối ưu hóa quản lý sản phẩm.

Kết luận
Khóa học Product Owner Master Class không chỉ là một cơ hội để học hỏi mà còn là một bước đệm quan trọng cho sự nghiệp trong lĩnh vực quản lý sản phẩm. Với sự hiểu biết sâu sắc và kỹ năng thực hành mà họ nhận được, học viên sẽ trở thành những Product Owner xuất sắc, sẵn sàng đương đầu với mọi thách thức trong môi trường làm việc thực tế.',54,62,49,'Harry Phạm','Đã có kinh nghiệm',256,41,36,5400000,'2023-04-25','2023-06-10',4.0,'Đang vận hành','CID2','2023-02-23 14:32:22','SYS0','2023-02-27 11:57:47','SYS0');
INSERT INTO KhoaHoc(MaKhoaHoc,TenKhoaHoc,MoTaNgan,MoTaDai,ThoiLuongKhoaHoc,SoBaiViet,SoFileTaiXuong,GiangVien,MucDoKhoaHoc,LuotDanhGia,SoLuongHocVienToiDa,SoLuongHocVienConLai,GiaTien,NgayKhaiGiang,NgayBeGiang,DanhGiaKhoaHoc,TrangThaiKhoaHoc,MaLoaiKhoaHoc,TaoVaoLuc,TaoBoi,ChinhSuaLanCuoiVaoLuc,ChinhSuaLanCuoiBoi) VALUES ('CRS3','SQL Advanced Class - K1','Khóa học SQL Advanced Class là một khóa học đào tạo chuyên sâu nhằm cung cấp kiến thức và kỹ năng cao cấp về ngôn ngữ truy vấn SQL (Structured Query Language). Khóa học này dành cho những người đã có kiến thức cơ bản về SQL và muốn nâng cao khả năng của mình trong việc truy vấn, phân tích và quản lý cơ sở dữ liệu.','Khóa học SQL Advanced Class: Chinh Phục SQL với Kiến Thức Cao Cấp
Giới thiệu
Khóa học SQL Advanced Class là một chương trình đào tạo chuyên sâu nhằm nâng cao kiến thức và kỹ năng về ngôn ngữ truy vấn SQL (Structured Query Language). Được thiết kế đặc biệt cho những người đã có kiến thức cơ bản về SQL, khóa học này mang đến sự hiểu biết sâu sắc và các kỹ năng tiên tiến để thăng tiến trong việc truy vấn, phân tích và quản lý cơ sở dữ liệu.

Nội dung
Trải qua khóa học, học viên sẽ tiếp cận với các khái niệm và kỹ thuật tiên tiến trong việc sử dụng SQL để xử lý dữ liệu phức tạp và phân tích thông tin một cách hiệu quả. Họ sẽ học cách tối ưu hóa truy vấn, sử dụng các câu lệnh phức tạp và làm việc với các chức năng mở rộng của SQL.

Học phần Chính
Tối Ưu Hóa Truy Vấn: Học viên sẽ được hướng dẫn về cách tối ưu hóa truy vấn SQL để cải thiện hiệu suất và thời gian thực thi của các câu lệnh.
Xử Lý Dữ Liệu Phức Tạp: Khám phá cách sử dụng SQL để xử lý dữ liệu phức tạp, bao gồm các loại dữ liệu phức tạp như JSON và XML.
Phân Tích Dữ Liệu: Học cách sử dụng SQL để phân tích thông tin từ các cơ sở dữ liệu lớn và trích xuất các kết quả có ý nghĩa.
Quản Lý Cơ Sở Dữ Liệu: Học viên sẽ được hướng dẫn về các phương pháp và kỹ thuật để quản lý và bảo trì cơ sở dữ liệu SQL một cách hiệu quả.
Công cụ và Phần mềm
Khóa học sẽ tập trung vào việc sử dụng SQL trong môi trường thực tế và hỗ trợ học viên làm quen với các công cụ và phần mềm quan trọng như MySQL, PostgreSQL và Oracle Database.

Kết luận
Khóa học SQL Advanced Class không chỉ cung cấp kiến thức mà còn giúp học viên phát triển kỹ năng thực hành thông qua các bài tập và dự án thực tế. Với sự hiểu biết sâu sắc và kỹ năng tiên tiến mà họ nhận được, họ sẽ trở thành những chuyên gia về SQL, sẵn sàng áp dụng những gì họ học được vào môi trường làm việc thực tế và đạt được thành công trong sự nghiệp của mình.',192,33,26,'Jerry Bùi','Đã có kinh nghiệm',357,31,26,4914000,'2023-06-28','2023-11-13',4.0,'Đang vận hành','CID3','2023-05-30 12:15:47','SYS0','2023-06-12 11:26:18','SYS0');
INSERT INTO KhoaHoc(MaKhoaHoc,TenKhoaHoc,MoTaNgan,MoTaDai,ThoiLuongKhoaHoc,SoBaiViet,SoFileTaiXuong,GiangVien,MucDoKhoaHoc,LuotDanhGia,SoLuongHocVienToiDa,SoLuongHocVienConLai,GiaTien,NgayKhaiGiang,NgayBeGiang,DanhGiaKhoaHoc,TrangThaiKhoaHoc,MaLoaiKhoaHoc,TaoVaoLuc,TaoBoi,ChinhSuaLanCuoiVaoLuc,ChinhSuaLanCuoiBoi) VALUES ('CRS4','Data Analysis - K3','Khóa học Data Analysis là một chương trình đào tạo được thiết kế để giúp học viên nắm vững các kỹ năng và công cụ cần thiết để hiểu, phân tích và trích xuất thông tin từ dữ liệu. Khóa học này nhằm cung cấp kiến thức và kỹ năng cần thiết để học viên có thể làm việc với dữ liệu số, tạo ra thông tin hữu ích và đưa ra quyết định dựa trên dữ liệu.','Khóa học Data Analysis: Khám Phá và Khai Thác Sức Mạnh của Dữ Liệu
Giới thiệu
Khóa học Data Analysis là một chương trình đào tạo chuyên sâu, được thiết kế để giúp học viên nắm vững các kỹ năng và công cụ cần thiết để hiểu, phân tích và trích xuất thông tin từ dữ liệu. Với sự hướng dẫn kỹ lưỡng từ các chuyên gia hàng đầu trong ngành, khóa học này cung cấp một cơ hội tuyệt vời cho học viên khám phá và khai thác sức mạnh của dữ liệu.

Nội dung
Trải qua khóa học, học viên sẽ tiếp cận với các kỹ năng và phương pháp quan trọng trong việc làm việc với dữ liệu. Họ sẽ học cách thu thập, tiền xử lý và phân tích dữ liệu để tạo ra thông tin có ý nghĩa và hỗ trợ quyết định.

Học phần Chính
Thu Thập Dữ Liệu: Học viên sẽ học cách thu thập dữ liệu từ các nguồn khác nhau và làm thế nào để đảm bảo tính chính xác và độ tin cậy của dữ liệu.
Tiền Xử Lý Dữ Liệu: Khám phá cách làm sạch và chuẩn hóa dữ liệu để chuẩn bị cho quá trình phân tích.
Phân Tích Dữ Liệu: Học cách sử dụng các phương pháp và công cụ phân tích dữ liệu để tìm hiểu thông tin ẩn sau dữ liệu và đưa ra những kết luận có ý nghĩa.
Trích Xuất Thông Tin: Học viên sẽ được hướng dẫn về cách trích xuất thông tin quan trọng từ dữ liệu và biểu diễn nó một cách trực quan và dễ hiểu.
Công cụ và Phần mềm
Khóa học không chỉ tập trung vào lý thuyết mà còn cung cấp cho học viên các kinh nghiệm thực tiễn với việc sử dụng các công cụ và phần mềm quan trọng như Python, R, và các công cụ phân tích dữ liệu như pandas và NumPy.

Kết luận
Khóa học Data Analysis không chỉ là một cơ hội để học hỏi mà còn là một bước đệm quan trọng cho sự nghiệp trong lĩnh vực phân tích dữ liệu. Với sự hiểu biết và kỹ năng thực hành mà họ nhận được, học viên sẽ trở thành những chuyên gia phân tích dữ liệu đáng tin cậy, sẵn sàng áp dụng những gì họ học được vào môi trường làm việc thực tế và đạt được thành công trong sự nghiệp của mình.',144,44,64,'Phil Phan','Người mới',211,45,40,4429000,'2023-10-05','2024-01-05',4.5,'Đang vận hành','CID4','2023-06-17 20:40:55','SYS0','2023-08-20 02:06:10','SYS0');
INSERT INTO KhoaHoc(MaKhoaHoc,TenKhoaHoc,MoTaNgan,MoTaDai,ThoiLuongKhoaHoc,SoBaiViet,SoFileTaiXuong,GiangVien,MucDoKhoaHoc,LuotDanhGia,SoLuongHocVienToiDa,SoLuongHocVienConLai,GiaTien,NgayKhaiGiang,NgayBeGiang,DanhGiaKhoaHoc,TrangThaiKhoaHoc,MaLoaiKhoaHoc,TaoVaoLuc,TaoBoi,ChinhSuaLanCuoiVaoLuc,ChinhSuaLanCuoiBoi) VALUES ('CRS5','Business Intelligence - K5','Khóa học Business Intelligence là một chương trình đào tạo nhằm cung cấp kiến thức và kỹ năng cần thiết để hiểu, phân tích và sử dụng thông tin kinh doanh để hỗ trợ quyết định và phát triển chiến lược kinh doanh. Khóa học này tập trung vào việc sử dụng các công cụ và phương pháp phân tích dữ liệu để tạo ra thông tin quan trọng và đưa ra quyết định thông minh trong môi trường kinh doanh.','Khóa học Business Intelligence: Đào Tạo Tổ Chức Hiểu và Sử Dụng Thông Tin Kinh Doanh Hiệu Quả
Giới thiệu
Khóa học Business Intelligence là một chương trình đào tạo chuyên sâu nhằm cung cấp kiến thức và kỹ năng cần thiết để hiểu, phân tích và sử dụng thông tin kinh doanh để hỗ trợ quyết định và phát triển chiến lược kinh doanh. Với sự hướng dẫn từ các chuyên gia hàng đầu trong lĩnh vực, khóa học này mang lại cơ hội cho tổ chức khám phá và khai thác sức mạnh của dữ liệu kinh doanh.

Nội dung
Khóa học tập trung vào việc sử dụng các công cụ và phương pháp phân tích dữ liệu để tạo ra thông tin quan trọng và đưa ra quyết định thông minh trong môi trường kinh doanh. Học viên sẽ học cách trích xuất, xử lý và biểu diễn dữ liệu để cung cấp cái nhìn toàn diện về hiệu suất kinh doanh và cơ hội phát triển.

Học phần Chính
Trích Xuất và Xử Lý Dữ Liệu: Học cách trích xuất và chuẩn bị dữ liệu từ các nguồn khác nhau để sử dụng trong quá trình phân tích.
Phân Tích Dữ Liệu: Khám phá cách sử dụng các công cụ và kỹ thuật phân tích dữ liệu để tìm hiểu xu hướng và mối quan hệ trong dữ liệu kinh doanh.
Biểu Diễn Thông Tin: Học viên sẽ được hướng dẫn về cách biểu diễn thông tin một cách trực quan và dễ hiểu bằng các biểu đồ và đồ thị.
Hỗ Trợ Quyết Định: Học cách sử dụng thông tin kinh doanh để đưa ra quyết định thông minh và phát triển chiến lược kinh doanh hiệu quả.
Công cụ và Phần mềm
Khóa học cung cấp sự huấn luyện về việc sử dụng các công cụ phần mềm Business Intelligence như Tableau, Power BI, và các công cụ tạo báo cáo để tối ưu hóa việc phân tích và biểu diễn dữ liệu.

Kết luận
Khóa học Business Intelligence không chỉ cung cấp kiến thức mà còn giúp học viên phát triển kỹ năng thực hành thông qua các bài tập và dự án thực tế. Với sự hiểu biết và kỹ năng thực hành mà họ nhận được, họ sẽ trở thành những chuyên gia Business Intelligence đáng tin cậy, giúp tổ chức đưa ra quyết định thông minh và phát triển chiến lược kinh doanh thành công.',36,23,33,'Anh Tú','Người mới',352,30,25,5482000,'2023-12-15','2024-01-15',3.5,'Đang vận hành','CID5','2023-07-21 21:14:47','SYS0','2023-07-26 03:35:44','SYS0');
INSERT INTO KhoaHoc(MaKhoaHoc,TenKhoaHoc,MoTaNgan,MoTaDai,ThoiLuongKhoaHoc,SoBaiViet,SoFileTaiXuong,GiangVien,MucDoKhoaHoc,LuotDanhGia,SoLuongHocVienToiDa,SoLuongHocVienConLai,GiaTien,NgayKhaiGiang,NgayBeGiang,DanhGiaKhoaHoc,TrangThaiKhoaHoc,MaLoaiKhoaHoc,TaoVaoLuc,TaoBoi,ChinhSuaLanCuoiVaoLuc,ChinhSuaLanCuoiBoi) VALUES ('CRS6','Excel Advanced Class - K4','Khóa học Excel Advanced Class là một chương trình đào tạo nhằm cung cấp kiến thức và kỹ năng nâng cao về việc sử dụng Microsoft Excel, một trong những công cụ phổ biến nhất trong việc xử lý và phân tích dữ liệu. Khóa học này tập trung vào việc giúp học viên trở thành những người dùng thành thạo của Excel và khám phá các tính năng và công cụ phức tạp để tăng cường hiệu suất làm việc và tạo ra các báo cáo và phân tích chuyên sâu.','Khóa học Excel Advanced Class: Khai Phá Sức Mạnh của Microsoft Excel
Giới thiệu
Khóa học Excel Advanced Class là một chương trình đào tạo chuyên sâu nhằm cung cấp kiến thức và kỹ năng nâng cao về việc sử dụng Microsoft Excel, một trong những công cụ phổ biến nhất trong việc xử lý và phân tích dữ liệu. Với sự hướng dẫn cụ thể và thực hành từ các chuyên gia Excel, khóa học này giúp học viên trở thành những người dùng thành thạo của Excel và khám phá các tính năng và công cụ phức tạp để tăng cường hiệu suất làm việc và tạo ra các báo cáo và phân tích chuyên sâu.

Nội dung
Khóa học tập trung vào việc hướng dẫn học viên sử dụng Excel hiệu quả hơn và khám phá các tính năng tiên tiến để giải quyết các tình huống phức tạp trong công việc hàng ngày.

Học phần Chính
Tối Ưu Hóa Hiệu Suất: Học viên sẽ học cách sử dụng các phím tắt và các tính năng tự động hóa để tăng cường hiệu suất làm việc.
Phân Tích Dữ Liệu: Khám phá cách sử dụng các công cụ và hàm tích hợp trong Excel để thực hiện các phân tích dữ liệu phức tạp và tạo ra các báo cáo chuyên sâu.
Biểu Diễn Thông Tin: Học cách tạo ra các biểu đồ và đồ thị đẹp mắt và dễ hiểu để trình bày thông tin một cách trực quan.
Tích Hợp Dữ Liệu: Học viên sẽ được hướng dẫn về cách kết nối và tích hợp dữ liệu từ các nguồn khác nhau vào Excel để thực hiện các phân tích toàn diện.
Công cụ và Phần mềm
Khóa học cung cấp sự huấn luyện về việc sử dụng các tính năng và công cụ phức tạp trong Excel như PivotTable, Power Query và Power Pivot để tạo ra các báo cáo và phân tích chuyên sâu.

Kết luận
Khóa học Excel Advanced Class là một cơ hội tuyệt vời để nâng cao kỹ năng sử dụng Excel và trở thành một người dùng thành thạo của công cụ này. Với sự hiểu biết và kỹ năng thực hành mà họ nhận được, học viên sẽ có khả năng thực hiện các phân tích dữ liệu phức tạp và tạo ra các báo cáo chuyên sâu, từ đó nâng cao hiệu suất làm việc và đóng góp vào sự thành công của tổ chức.',48,28,90,'Ngọc Thu','Chuyên gia',45,33,28,4704000,'2023-03-28','2023-04-28',4.0,'Đang vận hành','CID4','2023-02-04 17:32:25','SYS0','2023-02-04 17:32:25','SYS0');
INSERT INTO KhoaHoc(MaKhoaHoc,TenKhoaHoc,MoTaNgan,MoTaDai,ThoiLuongKhoaHoc,SoBaiViet,SoFileTaiXuong,GiangVien,MucDoKhoaHoc,LuotDanhGia,SoLuongHocVienToiDa,SoLuongHocVienConLai,GiaTien,NgayKhaiGiang,NgayBeGiang,DanhGiaKhoaHoc,TrangThaiKhoaHoc,MaLoaiKhoaHoc,TaoVaoLuc,TaoBoi,ChinhSuaLanCuoiVaoLuc,ChinhSuaLanCuoiBoi) VALUES ('CRS7','Database Foundation Class - K2','Khóa học Database Foundation Class là một chương trình đào tạo cung cấp kiến thức cơ bản về cơ sở dữ liệu và các khái niệm quan trọng liên quan đến quản lý dữ liệu. Khóa học này giúp học viên hiểu về cấu trúc, lưu trữ và truy xuất dữ liệu trong các hệ quản trị cơ sở dữ liệu (Database Management Systems - DBMS) như MySQL, Oracle, SQL Server và PostgreSQL.','Khóa học Database Foundation Class: Nền Tảng Cơ Bản về Cơ Sở Dữ Liệu
Giới thiệu
Khóa học Database Foundation Class là một chương trình đào tạo được thiết kế để cung cấp kiến thức cơ bản về cơ sở dữ liệu và các khái niệm quan trọng liên quan đến quản lý dữ liệu. Với sự hướng dẫn cụ thể từ các chuyên gia trong lĩnh vực, khóa học này giúp học viên hiểu về cấu trúc, lưu trữ và truy xuất dữ liệu trong các hệ quản trị cơ sở dữ liệu (Database Management Systems - DBMS) như MySQL, Oracle, SQL Server và PostgreSQL.

Nội dung
Khóa học tập trung vào việc giúp học viên hiểu được các khái niệm cơ bản về cơ sở dữ liệu và làm quen với các hệ quản trị cơ sở dữ liệu phổ biến.

Học phần Chính
Cơ Bản về Cơ Sở Dữ Liệu: Giới thiệu về các khái niệm cơ bản về cơ sở dữ liệu, bao gồm cấu trúc, lưu trữ và quản lý dữ liệu.
Hệ Quản Trị Cơ Sở Dữ Liệu (DBMS): Tổng quan về các hệ quản trị cơ sở dữ liệu phổ biến như MySQL, Oracle, SQL Server và PostgreSQL.
Thực Hành: Học viên sẽ được thực hành làm việc với các hệ quản trị cơ sở dữ liệu thông qua các bài tập thực hành và dự án.
Công cụ và Phần mềm
Khóa học sẽ hướng dẫn học viên sử dụng các công cụ và phần mềm phổ biến trong quản lý cơ sở dữ liệu như MySQL Workbench, Oracle SQL Developer, và pgAdmin.

Kết luận
Khóa học Database Foundation Class là một bước đệm quan trọng cho những ai quan tâm đến lĩnh vực quản lý cơ sở dữ liệu. Với sự hiểu biết cơ bản và kỹ năng thực hành mà họ nhận được, học viên sẽ có cơ sở vững chắc để tiếp tục khám phá và phát triển sự nghiệp trong lĩnh vực này.',180,49,62,'Tony Lê','Người mới',355,29,24,5317000,'2023-05-22','2023-07-22',3.0,'Vô hiệu hóa','CID4','2023-03-16 18:04:40','SYS0','2023-03-16 18:04:40','SYS0');
INSERT INTO KhoaHoc(MaKhoaHoc,TenKhoaHoc,MoTaNgan,MoTaDai,ThoiLuongKhoaHoc,SoBaiViet,SoFileTaiXuong,GiangVien,MucDoKhoaHoc,LuotDanhGia,SoLuongHocVienToiDa,SoLuongHocVienConLai,GiaTien,NgayKhaiGiang,NgayBeGiang,DanhGiaKhoaHoc,TrangThaiKhoaHoc,MaLoaiKhoaHoc,TaoVaoLuc,TaoBoi,ChinhSuaLanCuoiVaoLuc,ChinhSuaLanCuoiBoi) VALUES ('CRS8','Desktop Coding Class - K5','Khóa học Desktop Coding Class là một chương trình đào tạo nhằm giúp học viên học cách phát triển ứng dụng máy tính bằng việc sử dụng các ngôn ngữ lập trình và công cụ phát triển phần mềm trên máy tính. Khóa học này tập trung vào việc trang bị kiến thức và kỹ năng cần thiết để xây dựng ứng dụng chạy trên desktop, từ ứng dụng đơn giản đến các ứng dụng phức tạp.','Khóa học Desktop Coding Class: Hướng dẫn Xây Dựng Ứng Dụng Máy Tính
Giới thiệu
Khóa học Desktop Coding Class là một chương trình đào tạo nhằm giúp học viên học cách phát triển ứng dụng máy tính bằng việc sử dụng các ngôn ngữ lập trình và công cụ phát triển phần mềm trên máy tính. Với sự hướng dẫn chi tiết từ các chuyên gia trong lĩnh vực, khóa học này tập trung vào việc trang bị kiến thức và kỹ năng cần thiết để xây dựng ứng dụng chạy trên desktop, từ ứng dụng đơn giản đến các ứng dụng phức tạp.

Nội dung
Khóa học tập trung vào việc hướng dẫn học viên qua quy trình phát triển ứng dụng máy tính từ ý tưởng đến sản phẩm hoàn chỉnh.

Học phần Chính
Ngôn Ngữ Lập Trình: Hướng dẫn về các ngôn ngữ lập trình phổ biến như Java, C#, Python và JavaScript để phát triển ứng dụng desktop.
Công Cụ Phát Triển Phần Mềm: Giới thiệu về các công cụ phát triển phần mềm như Visual Studio, IntelliJ IDEA, và PyCharm để xây dựng ứng dụng một cách hiệu quả.
Xây Dựng Ứng Dụng: Học viên sẽ thực hành xây dựng các ứng dụng desktop từ đơn giản đến phức tạp thông qua các bài tập và dự án thực tế.
Công cụ và Phần mềm
Khóa học sẽ hướng dẫn học viên sử dụng các công cụ phát triển phần mềm và môi trường lập trình phổ biến để xây dựng ứng dụng desktop trên nền tảng Windows, macOS và Linux.

Kết luận
Khóa học Desktop Coding Class là một cơ hội tuyệt vời để học viên trải nghiệm quá trình phát triển ứng dụng máy tính từ đầu đến cuối. Với sự hiểu biết và kỹ năng thực hành mà họ nhận được, họ sẽ có khả năng phát triển các ứng dụng desktop chất lượng cao và đóng góp vào ngành công nghiệp phần mềm.',174,26,33,'Jennie Huỳnh','Người mới',346,35,30,4370000,'2023-12-15','2024-02-05',3.5,'Đang chiêu sinh','CID1','2023-08-05 18:26:46','SYS0','2023-08-05 18:26:46','SYS0');
INSERT INTO KhoaHoc(MaKhoaHoc,TenKhoaHoc,MoTaNgan,MoTaDai,ThoiLuongKhoaHoc,SoBaiViet,SoFileTaiXuong,GiangVien,MucDoKhoaHoc,LuotDanhGia,SoLuongHocVienToiDa,SoLuongHocVienConLai,GiaTien,NgayKhaiGiang,NgayBeGiang,DanhGiaKhoaHoc,TrangThaiKhoaHoc,MaLoaiKhoaHoc,TaoVaoLuc,TaoBoi,ChinhSuaLanCuoiVaoLuc,ChinhSuaLanCuoiBoi) VALUES ('CRS9','Python Advance Coding Class - K4','Khóa học Python Advanced Coding Class là một chương trình đào tạo nhằm giúp học viên nâng cao kỹ năng lập trình Python và hiểu sâu về các khái niệm và kỹ thuật phức tạp trong ngôn ngữ này. Khóa học này tập trung vào các chủ đề tiên tiến và ứng dụng thực tế của Python, giúp học viên trở thành những lập trình viên Python chuyên nghiệp.','Khóa học Python Advanced Coding Class: Khai Phá Sâu Hơn về Lập Trình Python
Giới thiệu
Khóa học Python Advanced Coding Class là một chương trình đào tạo nhằm giúp học viên nâng cao kỹ năng lập trình Python và hiểu sâu về các khái niệm và kỹ thuật phức tạp trong ngôn ngữ này. Với sự hướng dẫn kỹ lưỡng từ các chuyên gia Python, khóa học này tập trung vào các chủ đề tiên tiến và ứng dụng thực tế của Python, giúp học viên trở thành những lập trình viên Python chuyên nghiệp.

Nội dung
Khóa học tập trung vào việc giảng dạy các chủ đề phức tạp và thực hành thông qua các dự án thực tế để học viên có thể áp dụng kiến thức vào thực tế.

Học phần Chính
Pythonic Coding: Hướng dẫn về các phong cách lập trình Pythonic và các kỹ thuật lập trình tiên tiến.
Phân Tích Dữ Liệu và Xử Lý: Giới thiệu về các thư viện phổ biến như NumPy và Pandas để phân tích và xử lý dữ liệu.
Web Development với Django hoặc Flask: Học viên sẽ được hướng dẫn xây dựng ứng dụng web sử dụng framework Django hoặc Flask.
Machine Learning và AI: Khám phá các khái niệm cơ bản và ứng dụng của Machine Learning và Artificial Intelligence trong Python.
Công cụ và Phần mềm
Khóa học sẽ tập trung vào việc sử dụng các công cụ và thư viện phổ biến trong cộng đồng Python như Jupyter Notebook, PyCharm và các thư viện như Scikit-learn và TensorFlow.

Kết luận
Khóa học Python Advanced Coding Class là một cơ hội tuyệt vời để học viên nâng cao kỹ năng lập trình Python và khám phá các ứng dụng thực tế của ngôn ngữ này. Với sự hiểu biết sâu sắc và kỹ năng thực hành mà họ nhận được, họ sẽ trở thành những lập trình viên Python chuyên nghiệp và có thể đóng góp vào các dự án phần mềm phức tạp và tiên tiến.',120,64,44,'John Đặng','Đã có kinh nghiệm',242,36,31,4333000,'2023-11-20','2024-03-20',4.0,'Đang vận hành','CID1','2023-10-15 17:43:14','SYS0','2023-10-15 17:43:14','SYS0');
INSERT INTO KhoaHoc(MaKhoaHoc,TenKhoaHoc,MoTaNgan,MoTaDai,ThoiLuongKhoaHoc,SoBaiViet,SoFileTaiXuong,GiangVien,MucDoKhoaHoc,LuotDanhGia,SoLuongHocVienToiDa,SoLuongHocVienConLai,GiaTien,NgayKhaiGiang,NgayBeGiang,DanhGiaKhoaHoc,TrangThaiKhoaHoc,MaLoaiKhoaHoc,TaoVaoLuc,TaoBoi,ChinhSuaLanCuoiVaoLuc,ChinhSuaLanCuoiBoi) VALUES ('CRS10','Business Data Engineer - K2','Khóa học "Business Data Engineer" là một chương trình đào tạo nhằm trang bị học viên với kiến thức và kỹ năng cần thiết để trở thành một chuyên gia trong lĩnh vực kỹ thuật dữ liệu kinh doanh. Khóa học này tập trung vào các khía cạnh kỹ thuật và công nghệ liên quan đến quản lý, xử lý và phân tích dữ liệu trong môi trường doanh nghiệp.','Khóa học Business Data Engineer: Trở thành Chuyên Gia Kỹ Thuật Dữ Liệu Kinh Doanh
Giới thiệu
Khóa học Business Data Engineer là một chương trình đào tạo nhằm trang bị học viên với kiến thức và kỹ năng cần thiết để trở thành một chuyên gia trong lĩnh vực kỹ thuật dữ liệu kinh doanh. Với sự hướng dẫn chi tiết từ các chuyên gia hàng đầu trong ngành, khóa học này tập trung vào các khía cạnh kỹ thuật và công nghệ liên quan đến quản lý, xử lý và phân tích dữ liệu trong môi trường doanh nghiệp.

Nội dung
Khóa học cung cấp một cái nhìn toàn diện về quy trình làm việc với dữ liệu trong môi trường doanh nghiệp, từ việc thu thập và lưu trữ dữ liệu đến việc phân tích và trích xuất thông tin hữu ích.

Học phần Chính
Quản Lý Dữ Liệu: Học viên sẽ hiểu về quy trình quản lý dữ liệu từ việc thu thập, lưu trữ đến bảo mật và quản lý dữ liệu.
Xử Lý Dữ Liệu: Giới thiệu về các công cụ và kỹ thuật xử lý dữ liệu để chuẩn bị dữ liệu cho quá trình phân tích.
Phân Tích Dữ Liệu: Học viên sẽ được hướng dẫn về cách sử dụng các phương pháp và công cụ phân tích dữ liệu để tìm hiểu xu hướng và đưa ra những quyết định dựa trên dữ liệu.
Triển Khai và Tối Ưu Hóa: Học viên sẽ tìm hiểu về quy trình triển khai các giải pháp dựa trên dữ liệu và cách tối ưu hóa hiệu suất của hệ thống.
Công cụ và Phần mềm
Khóa học sẽ tập trung vào việc sử dụng các công cụ và hệ thống quản lý dữ liệu phổ biến như SQL, Hadoop, Spark và các công cụ phân tích dữ liệu như Python, R và SAS.

Kết luận
Khóa học Business Data Engineer là một bước đệm quan trọng cho những ai muốn theo đuổi sự nghiệp trong lĩnh vực kỹ thuật dữ liệu kinh doanh. Với sự hiểu biết và kỹ năng thực hành mà họ nhận được, họ sẽ trở thành những chuyên gia trong việc quản lý, xử lý và phân tích dữ liệu trong môi trường doanh nghiệp và đóng góp vào sự phát triển của tổ chức.',240,33,23,'Tuấn Vũ','Chuyên gia',322,21,16,5265000,'2023-12-11','2024-05-11',4.5,'Đang vận hành','CID5','2023-11-15 12:23:56','SYS0','2023-11-15 12:23:56','SYS0');
-- SELECT * FROM KhoaHoc
;

INSERT INTO LoaiKhoaHoc(MaLoaiKhoaHoc,TenLoaiKhoaHoc,TrangThaiLoaiKhoaHoc,TaoVaoLuc,TaoBoi,ChinhSuaLanCuoiVaoLuc,ChinhSuaLanCuoiBoi) VALUES ('CID1','IT','Đang hoạt động','2023-01-01 00:00:00','SYS0','2023-01-01 00:00:00','SYS0');
INSERT INTO LoaiKhoaHoc(MaLoaiKhoaHoc,TenLoaiKhoaHoc,TrangThaiLoaiKhoaHoc,TaoVaoLuc,TaoBoi,ChinhSuaLanCuoiVaoLuc,ChinhSuaLanCuoiBoi) VALUES ('CID2','PO','Đang hoạt động','2023-01-01 00:00:00','SYS0','2023-01-01 00:00:00','SYS0');
INSERT INTO LoaiKhoaHoc(MaLoaiKhoaHoc,TenLoaiKhoaHoc,TrangThaiLoaiKhoaHoc,TaoVaoLuc,TaoBoi,ChinhSuaLanCuoiVaoLuc,ChinhSuaLanCuoiBoi) VALUES ('CID3','SQL','Đang hoạt động','2023-01-01 00:00:00','SYS0','2023-01-01 00:00:00','SYS0');
INSERT INTO LoaiKhoaHoc(MaLoaiKhoaHoc,TenLoaiKhoaHoc,TrangThaiLoaiKhoaHoc,TaoVaoLuc,TaoBoi,ChinhSuaLanCuoiVaoLuc,ChinhSuaLanCuoiBoi) VALUES ('CID4','DATA','Đang hoạt động','2023-01-01 00:00:00','SYS0','2023-01-01 00:00:00','SYS0');
INSERT INTO LoaiKhoaHoc(MaLoaiKhoaHoc,TenLoaiKhoaHoc,TrangThaiLoaiKhoaHoc,TaoVaoLuc,TaoBoi,ChinhSuaLanCuoiVaoLuc,ChinhSuaLanCuoiBoi) VALUES ('CID5','BI','Đang hoạt động','2023-01-01 00:00:00','SYS0','2023-01-01 00:00:00','SYS0');
-- SELECT * FROM LoaiKhoaHoc
;

INSERT INTO LichHoc(ID,MaKhoaHoc,ThuTrongTuan,ThoiGianBatDauBuoiHoc,ThoiGianKetThucBuoiHoc,TaoVaoLuc,TaoBoi,ChinhSuaLanCuoiVaoLuc,ChinhSuaLanCuoiBoi) VALUES (1,'CRS1','Thứ 3','19:00','21:00','2023-01-01 00:00:00','SYS0','2023-01-01 00:00:00','SYS0');
INSERT INTO LichHoc(ID,MaKhoaHoc,ThuTrongTuan,ThoiGianBatDauBuoiHoc,ThoiGianKetThucBuoiHoc,TaoVaoLuc,TaoBoi,ChinhSuaLanCuoiVaoLuc,ChinhSuaLanCuoiBoi) VALUES (2,'CRS1','Thứ 5','19:00','21:00','2023-01-01 00:00:00','SYS0','2023-01-01 00:00:00','SYS0');
INSERT INTO LichHoc(ID,MaKhoaHoc,ThuTrongTuan,ThoiGianBatDauBuoiHoc,ThoiGianKetThucBuoiHoc,TaoVaoLuc,TaoBoi,ChinhSuaLanCuoiVaoLuc,ChinhSuaLanCuoiBoi) VALUES (3,'CRS2','Thứ 7','09:00','11:00','2023-01-01 00:00:00','SYS0','2023-01-01 00:00:00','SYS0');
INSERT INTO LichHoc(ID,MaKhoaHoc,ThuTrongTuan,ThoiGianBatDauBuoiHoc,ThoiGianKetThucBuoiHoc,TaoVaoLuc,TaoBoi,ChinhSuaLanCuoiVaoLuc,ChinhSuaLanCuoiBoi) VALUES (4,'CRS3','Thứ 7','20:00','21:30','2023-01-01 00:00:00','SYS0','2023-01-01 00:00:00','SYS0');
INSERT INTO LichHoc(ID,MaKhoaHoc,ThuTrongTuan,ThoiGianBatDauBuoiHoc,ThoiGianKetThucBuoiHoc,TaoVaoLuc,TaoBoi,ChinhSuaLanCuoiVaoLuc,ChinhSuaLanCuoiBoi) VALUES (5,'CRS4','Chủ nhật','09:00','11:00','2023-01-01 00:00:00','SYS0','2023-01-01 00:00:00','SYS0');
INSERT INTO LichHoc(ID,MaKhoaHoc,ThuTrongTuan,ThoiGianBatDauBuoiHoc,ThoiGianKetThucBuoiHoc,TaoVaoLuc,TaoBoi,ChinhSuaLanCuoiVaoLuc,ChinhSuaLanCuoiBoi) VALUES (6,'CRS5','Chủ nhật','09:00','11:00','2023-01-01 00:00:00','SYS0','2023-01-01 00:00:00','SYS0');
INSERT INTO LichHoc(ID,MaKhoaHoc,ThuTrongTuan,ThoiGianBatDauBuoiHoc,ThoiGianKetThucBuoiHoc,TaoVaoLuc,TaoBoi,ChinhSuaLanCuoiVaoLuc,ChinhSuaLanCuoiBoi) VALUES (7,'CRS6','Chủ nhật','09:00','11:00','2023-01-01 00:00:00','SYS0','2023-01-01 00:00:00','SYS0');
INSERT INTO LichHoc(ID,MaKhoaHoc,ThuTrongTuan,ThoiGianBatDauBuoiHoc,ThoiGianKetThucBuoiHoc,TaoVaoLuc,TaoBoi,ChinhSuaLanCuoiVaoLuc,ChinhSuaLanCuoiBoi) VALUES (8,'CRS7','Chủ nhật','09:00','11:00','2023-01-01 00:00:00','SYS0','2023-01-01 00:00:00','SYS0');
INSERT INTO LichHoc(ID,MaKhoaHoc,ThuTrongTuan,ThoiGianBatDauBuoiHoc,ThoiGianKetThucBuoiHoc,TaoVaoLuc,TaoBoi,ChinhSuaLanCuoiVaoLuc,ChinhSuaLanCuoiBoi) VALUES (9,'CRS8','Chủ nhật','09:00','11:00','2023-01-01 00:00:00','SYS0','2023-01-01 00:00:00','SYS0');
INSERT INTO LichHoc(ID,MaKhoaHoc,ThuTrongTuan,ThoiGianBatDauBuoiHoc,ThoiGianKetThucBuoiHoc,TaoVaoLuc,TaoBoi,ChinhSuaLanCuoiVaoLuc,ChinhSuaLanCuoiBoi) VALUES (10,'CRS9','Chủ nhật','09:00','11:00','2023-01-01 00:00:00','SYS0','2023-01-01 00:00:00','SYS0');
INSERT INTO LichHoc(ID,MaKhoaHoc,ThuTrongTuan,ThoiGianBatDauBuoiHoc,ThoiGianKetThucBuoiHoc,TaoVaoLuc,TaoBoi,ChinhSuaLanCuoiVaoLuc,ChinhSuaLanCuoiBoi) VALUES (11,'CRS10','Chủ nhật','09:00','11:00','2023-01-01 00:00:00','SYS0','2023-01-01 00:00:00','SYS0');
-- SELECT * FROM LichHoc

INSERT INTO Email(MaEmail,TieuDeEmail,NoiDungEmail,LichGuiEmail,NguoiNhan,TrangThaiEmail,MaYCTV,MaBaoGia,MaHoaDon,MaEmailMau,TaoVaoLuc,TaoBoi,ChinhSuaLanCuoiVaoLuc,ChinhSuaLanCuoiBoi) VALUES ('EML1','Báo giá khóa học','Kính gửi bạn Phan Duy Trọng,\n\nCảm ơn bạn đã quan tâm đến khoá học Become a Business Analyst Class tại SkillBoost.\n\nKhóa học của chúng tôi được thiết kế để giúp học viên phát triển các kỹ năng cần thiết để thành công trong lĩnh vực công nghệ. Chúng tôi cũng cung cấp các dịch vụ hỗ trợ học viên sau khi tốt nghiệp, giúp họ tìm kiếm việc làm phù hợp với năng lực. Bạn có thể xem thông tin chi tiết khoá học và trải nghiệm học thử tại trang web chính thức của SkillBoost: www.skillboost.vn\n\nChúng tôi xin gửi bạn báo giá khoá học và thông tin thanh toán dưới đây: \n\nNgười đăng ký: Phan Duy Trọng\n\nKhoá học đăng ký: Become a Business Analyst\n\nGiảng viên: Ryan Nguyễn\n\nGiá tiền: 4.000.000đ\n\nMã giảm giá: DIC001\n\nPhần trăm giảm giá: 15%\n\nSố tiền giảm giá: 600.000đ\n\nTổng tiền cần thanh toán: 3.400.000đ\n\nThông tin mã giảm giá đã được liên kết với tài khoản của bạn. Vui lòng truy cập website khoá học của chúng tôi, đăng nhập vào tài khoản của bạn và nhập mã giảm giá trên ở trang thanh toán để có thể có được mức giá ưu đãi như thoả thuận. Hoặc bạn có thể thanh toán ngay tại link đính kèm sau đây: Thanh toán khoá học \n\nCần hỗ trợ thêm về thông tin liên quan đến giá và chi tiết khoá học, bạn vui lòng phản hồi Email hoặc Hotline 0998123456 (Tư vấn viên Thy) nhé!\n\nTrân trọng,\nSKILLBOOST','2023-04-30 10:51:08','Phan Duy Trọng','Đã gửi',NULL,'QUO1',NULL,'EMT2','2023-04-30 10:51:08','SYS0','2023-04-30 11:00:00','STA5');
INSERT INTO Email(MaEmail,TieuDeEmail,NoiDungEmail,LichGuiEmail,NguoiNhan,TrangThaiEmail,MaYCTV,MaBaoGia,MaHoaDon,MaEmailMau,TaoVaoLuc,TaoBoi,ChinhSuaLanCuoiVaoLuc,ChinhSuaLanCuoiBoi) VALUES ('EML2','Xác nhận thanh toán học phí','XÁC NHẬN THANH TOÁN\n\nKính gửi bạn Phan Duy Trọng\n\nLời đầu tiên, chúng tôi xin cảm ơn bạn đã lựa chọn khoá học của SkillBoost , chúng tôi xin gửi bạn thông tin khoá học và biên nhận thanh toán học phí khoá học dưới đây:\n\nThông tin khoá học\n\nMã khoá học: CRS001\n\nTên khoá học: Become a Business Analyst\n\nGiảng viên: Ryan Nguyễn\n\nHình thức học: Online\n\nThời gian học dự kiến: 32\n\nBiên nhận khoá học\n\nMã đơn hàng: ID01468790\n\nHọc phí: 4.000.000\n\nƯu đãi: 600.000 (15%)\n\nThành tiền: 3.600.000\n\nĐã thanh toán: 3.600.000\n\nCảm ơn bạn và hy vọng bạn có một trải nghiệm tuyệt vời với SkillBoost . Nếu bạn có bất kỳ thắc mắc nào, vui lòng liên hệ với chúng tôi qua Email hoặc Hotline 0998123456 (Tư vấn viên Thy) nhé!\n\nTrân trọng,\nSKILLBOOST','2023-04-29 03:07:18','Phan Duy Trọng','Đã gửi',NULL,NULL,'INV1','EMT3','2023-04-29 03:07:18','SYS0','2023-04-29 03:30:29','STA5');
INSERT INTO Email(MaEmail,TieuDeEmail,NoiDungEmail,LichGuiEmail,NguoiNhan,TrangThaiEmail,MaYCTV,MaBaoGia,MaHoaDon,MaEmailMau,TaoVaoLuc,TaoBoi,ChinhSuaLanCuoiVaoLuc,ChinhSuaLanCuoiBoi) VALUES ('EML3','Thông báo đăng ký khóa học thành công','Kính gửi bạn Phan Duy Trọng,\n\nChúc mừng bạn đã đăng ký khóa học Become a Business Analyst thành công tại SkillBoost !\n\nĐể tham gia khóa học, bạn vui lòng truy cập vào trang web của SkillBoost và đăng nhập bằng tài khoản của mình. Sau khi đăng nhập, bạn sẽ tìm thấy khóa học Become a Business Analystntrong danh sách khóa học của mình. Bạn có thể bắt đầu học ngay lập tức.\n\nChúng tôi hy vọng bạn sẽ có một khóa học học tập hiệu quả và đạt được mục tiêu của mình. Nếu bạn có bất kỳ thắc mắc nào, vui lòng liên hệ với chúng tôi qua Email hoặc Hotline 0998123456 (Tư vấn viên Thy) nhé!\n\nTrân trọng,\nSKILLBOOST','2023-01-12 05:36:25','Phan Duy Trọng','Đã gửi',NULL,NULL,NULL,'EMT4','2023-01-12 05:36:25','SYS0','2023-01-12 05:36:25','STA5');
INSERT INTO Email(MaEmail,TieuDeEmail,NoiDungEmail,LichGuiEmail,NguoiNhan,TrangThaiEmail,MaYCTV,MaBaoGia,MaHoaDon,MaEmailMau,TaoVaoLuc,TaoBoi,ChinhSuaLanCuoiVaoLuc,ChinhSuaLanCuoiBoi) VALUES ('EML4','Xác nhận thanh toán học phí','XÁC NHẬN THANH TOÁN\n\nKính gửi bạn Bùi Xuân Vĩ\n\nLời đầu tiên, chúng tôi xin cảm ơn bạn đã lựa chọn khoá học của SkillBoost , chúng tôi xin gửi bạn thông tin khoá học và biên nhận thanh toán học phí khoá học dưới đây:\n\nThông tin khoá học\n\nMã khoá học: CRS002\n\nTên khoá học: Product Owner Master Class\n\nGiảng viên: Hary Phạm\n\nHình thức học: Online\n\nThời gian học dự kiến: 40\n\nBiên nhận khoá học\n\nMã đơn hàng: ID01468791\n\nHọc phí: 5.400.000đ\n\nƯu đãi: 0%\n\nThành tiền: 5.400.000đ\n\nĐã thanh toán: 5.400.000đ\n\nCảm ơn bạn và hy vọng bạn có một trải nghiệm tuyệt vời với SkillBoost . Nếu bạn có bất kỳ thắc mắc nào, vui lòng liên hệ với chúng tôi qua Email hoặc Hotline 0928123456 (Tư vấn viên Mai) nhé!\n\nTrân trọng,\nSKILLBOOST','2023-01-10 10:24:05','Bùi Xuân Vĩ','Đã gửi',NULL,NULL,'INV2','EMT3','2023-02-10 10:24:05','SYS0','2023-02-10 10:24:05','STA6');
INSERT INTO Email(MaEmail,TieuDeEmail,NoiDungEmail,LichGuiEmail,NguoiNhan,TrangThaiEmail,MaYCTV,MaBaoGia,MaHoaDon,MaEmailMau,TaoVaoLuc,TaoBoi,ChinhSuaLanCuoiVaoLuc,ChinhSuaLanCuoiBoi) VALUES ('EML5','Thông báo đăng ký khóa học thành công','Kính gửi bạn Bùi Xuân Vĩ,\n\nChúc mừng bạn đã đăng ký khóa học Product Owner Master Class thành công tại SkillBoost !\n\nĐể tham gia khóa học, bạn vui lòng truy cập vào trang web của SkillBoost và đăng nhập bằng tài khoản của mình. Sau khi đăng nhập, bạn sẽ tìm thấy khóa học Become a Business Analystntrong danh sách khóa học của mình. Bạn có thể bắt đầu học ngay lập tức.\n\nChúng tôi hy vọng bạn sẽ có một khóa học học tập hiệu quả và đạt được mục tiêu của mình. Nếu bạn có bất kỳ thắc mắc nào, vui lòng liên hệ với chúng tôi qua Email hoặc Hotline 0928123456 (Tư vấn viên Mai) nhé!\n\nTrân trọng,\nSKILLBOOST','2023-04-13 08:39:39','Bùi Xuân Vĩ','Đã gửi',NULL,NULL,NULL,'EMT4','2023-01-13 08:39:39','SYS0','2023-01-13 08:39:39','STA6');
INSERT INTO Email(MaEmail,TieuDeEmail,NoiDungEmail,LichGuiEmail,NguoiNhan,TrangThaiEmail,MaYCTV,MaBaoGia,MaHoaDon,MaEmailMau,TaoVaoLuc,TaoBoi,ChinhSuaLanCuoiVaoLuc,ChinhSuaLanCuoiBoi) VALUES ('EML6','Báo giá khóa học','Kính gửi bạn Bùi Xuân Vĩ,\n\nCảm ơn bạn đã quan tâm đến khoá học Become a Business Analyst Class tại SkillBoost.\n\nKhóa học của chúng tôi được thiết kế để giúp học viên phát triển các kỹ năng cần thiết để thành công trong lĩnh vực công nghệ. Chúng tôi cũng cung cấp các dịch vụ hỗ trợ học viên sau khi tốt nghiệp, giúp họ tìm kiếm việc làm phù hợp với năng lực. Bạn có thể xem thông tin chi tiết khoá học và trải nghiệm học thử tại trang web chính thức của SkillBoost: www.skillboost.vn\n\nChúng tôi xin gửi bạn báo giá khoá học và thông tin thanh toán dưới đây: \n\nNgười đăng ký: Bùi Xuân Vĩ\n\nKhoá học đăng ký: Product Owner Master Class\n\nGiảng viên: Hary Phạm\n\nGiá tiền: 5.400.000đ\n\nMã giảm giá:\n\nPhần trăm giảm giá: 0%\n\nSố tiền giảm giá:\n\nTổng tiền cần thanh toán: 5.400.000đ\n\n\nThông tin mã giảm giá đã được liên kết với tài khoản của bạn. Vui lòng truy cập website khoá học của chúng tôi, đăng nhập vào tài khoản của bạn và nhập mã giảm giá trên ở trang thanh toán để có thể có được mức giá ưu đãi như thoả thuận. Hoặc bạn có thể thanh toán ngay tại link đính kèm sau đây: Thanh toán khoá học \n\nCần hỗ trợ thêm về thông tin liên quan đến giá và chi tiết khoá học, bạn vui lòng phản hồi Email hoặc Hotline 0928123456 (Tư vấn viên Mai) nhé!\n\nTrân trọng,\nSKILLBOOST','2023-02-28 18:38:44','Bùi Xuân Vĩ','Đã gửi',NULL,'QUO2',NULL,'EMT2','2023-02-28 18:38:44','SYS0','2023-02-28 19:00:25','STA6');
INSERT INTO Email(MaEmail,TieuDeEmail,NoiDungEmail,LichGuiEmail,NguoiNhan,TrangThaiEmail,MaYCTV,MaBaoGia,MaHoaDon,MaEmailMau,TaoVaoLuc,TaoBoi,ChinhSuaLanCuoiVaoLuc,ChinhSuaLanCuoiBoi) VALUES ('EML7','Xác nhận yêu cầu tư vấn','Kính gửi bạn Nguyễn Thu Việc,\n\nCảm ơn bạn đã liện hệ với SkillBoost. Thông tin của bạn đã được ghi nhận và chuyển cho đội ngũ tư vấn khách hàng của SkillBoost.\n\nBạn vui lòng giữ điện thoại để được đội ngũ tư vấn gọi điện thoại trực tiếp tư vấn cho bạn. Hoặc bạn có thể kết nối trực tiếp với chúng tôi thông qua Zalo của Tư vấn viên Trâm (0938123456) để được hỗ trợ nhanh nhất.\n\nTrân trọng,\nSKILLBOOST','2023-09-12 14:44:35','Nguyễn Thu Việc','Lên lịch','CON1',NULL,NULL,'EMT1','2023-09-11 13:45:35','SYS0','2023-09-11 14:04:24','STA2');
INSERT INTO Email(MaEmail,TieuDeEmail,NoiDungEmail,LichGuiEmail,NguoiNhan,TrangThaiEmail,MaYCTV,MaBaoGia,MaHoaDon,MaEmailMau,TaoVaoLuc,TaoBoi,ChinhSuaLanCuoiVaoLuc,ChinhSuaLanCuoiBoi) VALUES ('EML8','Xác nhận yêu cầu tư vấn','Kính gửi bạn Phan Văn Trị,\n\nCảm ơn bạn đã liện hệ với SkillBoost. Thông tin của bạn đã được ghi nhận và chuyển cho đội ngũ tư vấn khách hàng của SkillBoost.\n\nBạn vui lòng giữ điện thoại để được đội ngũ tư vấn gọi điện thoại trực tiếp tư vấn cho bạn. Hoặc bạn có thể kết nối trực tiếp với chúng tôi thông qua Zalo của Tư vấn viên Mai (0928123456) để được hỗ trợ nhanh nhất.\n\nTrân trọng,\nSKILLBOOST','2023-11-15 10:52:43','Phan Văn Trị','Bản nháp',NULL,NULL,NULL,'EMT1','2023-11-15 10:52:43','SYS0','2023-11-15 10:52:43','STA9');
INSERT INTO Email(MaEmail,TieuDeEmail,NoiDungEmail,LichGuiEmail,NguoiNhan,TrangThaiEmail,MaYCTV,MaBaoGia,MaHoaDon,MaEmailMau,TaoVaoLuc,TaoBoi,ChinhSuaLanCuoiVaoLuc,ChinhSuaLanCuoiBoi) VALUES ('EML9','Xác nhận yêu cầu tư vấn','Kính gửi bạn Nguyễn Hoàng Minh,\n\nCảm ơn bạn đã liện hệ với SkillBoost. Thông tin của bạn đã được ghi nhận và chuyển cho đội ngũ tư vấn khách hàng của SkillBoost.\n\nBạn vui lòng giữ điện thoại để được đội ngũ tư vấn gọi điện thoại trực tiếp tư vấn cho bạn. Hoặc bạn có thể kết nối trực tiếp với chúng tôi thông qua Zalo của Tư vấn viên Trâm (0938123456) để được hỗ trợ nhanh nhất.\n\nTrân trọng,\nSKILLBOOST','2023-01-17 23:15:47','Nguyễn Hoàng Minh','Error','CON2',NULL,NULL,'EMT1','2023-01-17 23:15:47','SYS0','2023-01-17 23:15:47','STA4');
-- SELECT * FROM Email

INSERT INTO EmailMau(MaEmailMau,TieuDeEmailMau,MoTaEmailMau,NoiDungEmailMau,TrangThaiEmailMau,TaoVaoLuc,TaoBoi,ChinhSuaLanCuoiVaoLuc,ChinhSuaLanCuoiBoi) VALUES ('EMT1','Xác nhận yêu cầu tư vấn','Gửi thông tin xác nhận yêu cầu đã được tiếp nhận và thông tin của nhân viên tư vấn như tên, số điện thoại','Kính gửi bạn {{ten_lead}},\n\nCảm ơn bạn đã liện hệ với SkillBoost. Thông tin của bạn đã được ghi nhận và chuyển cho đội ngũ tư vấn khách hàng của SkillBoost.\n\nBạn vui lòng giữ điện thoại để được đội ngũ tư vấn gọi điện thoại trực tiếp tư vấn cho bạn. Hoặc bạn có thể kết nối trực tiếp với chúng tôi thông qua Zalo của tư vấn viên {{Lead PIC’s full name}}({{staff_phone_number}}) để được hỗ trợ nhanh nhất.\n\nTrân trọng,\nSKILLBOOST','Đang hoạt động','2023-04-30 11:00:00','STA1','2023-04-30 11:00:00','STA1');
INSERT INTO EmailMau(MaEmailMau,TieuDeEmailMau,MoTaEmailMau,NoiDungEmailMau,TrangThaiEmailMau,TaoVaoLuc,TaoBoi,ChinhSuaLanCuoiVaoLuc,ChinhSuaLanCuoiBoi) VALUES ('EMT2','Báo giá khóa học','Gửi báo giá của khóa học bao gồm giá tiền gốc, VAT, số tiền phải trả, thông tin chi tiết khóa học','Kính gửi bạn {{ten_lead}},\n\nCảm ơn bạn đã quan tâm đến khoá học {{ten_khoa_hoc}} tại SkillBoost.\n\nKhóa học của chúng tôi được thiết kế để giúp học viên phát triển các kỹ năng cần thiết để thành công trong lĩnh vực công nghệ. Chúng tôi cũng cung cấp các dịch vụ hỗ trợ học viên sau khi tốt nghiệp, giúp họ tìm kiếm việc làm phù hợp với năng lực. Bạn có thể xem thông tin chi tiết khoá học và trải nghiệm học thử tại trang web chính thức của SkillBoost: www.skillboost.vn\n\nChúng tôi xin gửi bạn báo giá khoá học và thông tin thanh toán dưới đây: \n\nNgười đăng ký: {{ten_lead}\n\nKhoá học đăng ký: {{ten_khoa_hoc}}\n\nGiảng viên: {{giang_vien}}\n\nGiá tiền: {hoc_phi}\n\nTổng tiền khoá học: {{hoc_phi}}\n\nMã giảm giá: {{ma_giam_gia}}\n\nPhần trăm giảm giá: {{phan_tram_giam_gia}}\n\nSố tiền giảm giá: {{so_tien_giam_gia}}\n\nTổng tiền cần thanh toán: {{tong_tien_thanh_toan}}\n\nVui lòng truy cập website khoá học của chúng tôi, đăng nhập vào tài khoản của bạn và chọn khoá học để tiến hành thanh toán. Hoặc bạn có thể thanh toán ngay tại link đính kèm sau đây: Thanh toán khoá học\n\nCần hỗ trợ thêm về thông tin liên quan đến giá và chi tiết khoá học, bạn vui lòng phản hồi Email hoặc Hotline {{ten_nhan_vien}} (Tư vấn viên {{nguoi_phu_trach_lead}}) nhé!\n\nTrân trọng,\nSKILLBOOST','Đang hoạt động','2023-04-30 11:00:00','STA1','2023-04-30 11:00:00','STA1');
INSERT INTO EmailMau(MaEmailMau,TieuDeEmailMau,MoTaEmailMau,NoiDungEmailMau,TrangThaiEmailMau,TaoVaoLuc,TaoBoi,ChinhSuaLanCuoiVaoLuc,ChinhSuaLanCuoiBoi) VALUES ('EMT3','Xác nhận thanh toán học phí','Gửi thông tin xác nhận học phí của khóa học mà học viên đăng ký đã được thanh toán thành công kèm theo thêm thông tin nhân viên hỗ trợ','XÁC NHẬN THANH TOÁN\n\nKính gửi bạn {{ten_lead}},\n\nLời đầu tiên, chúng tôi xin cảm ơn bạn đã lựa chọn khoá học của SkillBoost Center, chúng tôi xin gửi bạn thông tin khoá học và biên nhận thanh toán học phí khoá học dưới đây:\n\nThông tin khoá học\n\nMã khoá học: {{ma_khoa_hoc}}\n\nTên khoá học: {{ten_khoa_hoc}}\n\nGiảng viên: {{giang_vien}}\n\nHình thức học: Online\n\nThời gian học dự kiến: {{ngay_khai_giang}}\n\nBiên nhận khoá học\n\nMã đơn hàng: {{ma_hoa_don}}\n\nHọc phí: {hoc_phi}}\n\nƯu đãi: {{ma_giam_gia}}\n\nThành tiền: {{thanh_tien}}\n\nĐã thanh toán\n\nCảm ơn bạn và hy vọng bạn có một trải nghiệm tuyệt vời với SkillBoost.  Nếu bạn có bất kỳ thắc mắc nào, vui lòng liên hệ với chúng tôi qua Email hoặc Hotline {{ten_nhan_vien}} (Tư vấn viên {{nguoi_phu_trach_lead}}) nhé!\n\nTrân trọng,\nSKILLBOOST','Đang hoạt động','2023-04-30 11:00:00','STA1','2023-04-30 11:00:00','STA1');
INSERT INTO EmailMau(MaEmailMau,TieuDeEmailMau,MoTaEmailMau,NoiDungEmailMau,TrangThaiEmailMau,TaoVaoLuc,TaoBoi,ChinhSuaLanCuoiVaoLuc,ChinhSuaLanCuoiBoi) VALUES ('EMT4','Thông báo đăng ký khóa học thành công','Gửi thông báo xác nhận khóa học đã được học viên đăng ký thành công','Kính gửi bạn {{ten_lead}},\n\nChúc mừng bạn đã đăng ký khóa học {{ten_khoa_hoc}} thành công tại SkillBoost!\n\nĐể tham gia khóa học, bạn vui lòng truy cập vào trang web của SkillBoost và đăng nhập bằng tài khoản của mình. Sau khi đăng nhập, bạn sẽ tìm thấy khóa học {{ten_khoa_hoc}} trong danh sách khóa học của mình. Bạn có thể bắt đầu học ngay lập tức.\n\nChúng tôi hy vọng bạn sẽ có một khóa học học tập hiệu quả và đạt được mục tiêu của mình. Nếu bạn có bất kỳ thắc mắc nào, vui lòng liên hệ với chúng tôi qua Email hoặc Hotline {{ten_nhan_vien}} (Tư vấn viên {{nguoi_phu_trach_lead}}) nhé!\n\nTrân trọng,\nSKILLBOOST','Đang hoạt động','2023-04-30 11:00:00','STA1','2023-04-30 11:00:00','STA1');
-- SELECT * FROM EmailMau


INSERT INTO HoaDon(MaHoaDon,MoTaHoaDon,TenKH,ThoiDiemThanhToan,TongHoaDon,MaBaoGia,TaoVaoLuc,TaoBoi) VALUES ('INV1','Hóa đơn thanh toán khóa học Business Analyst của Phan Duy Trọng','Phan Duy Trọng','2023-04-29 03:07:18',3400000,'QUO1','2023-04-29 03:07:18','SYS0');
INSERT INTO HoaDon(MaHoaDon,MoTaHoaDon,TenKH,ThoiDiemThanhToan,TongHoaDon,MaBaoGia,TaoVaoLuc,TaoBoi) VALUES ('INV2','Hóa đơn thanh toán khóa học Product Owner Master Class của Bùi Xuân Vĩ','Bùi Xuân Vĩ','2023-01-10 10:24:05',5400000,'QUO2','2023-04-13 08:39:39','SYS0');
INSERT INTO HoaDon(MaHoaDon,MoTaHoaDon,TenKH,ThoiDiemThanhToan,TongHoaDon,MaBaoGia,TaoVaoLuc,TaoBoi) VALUES ('INV3','Hóa đơn thanh toán khóa học Product Owner Master Class của Nguyễn Thu Việc','Nguyễn Thu Việc','2023-02-19 19:28:40',5400000,'QUO3','2023-02-15 10:16:46','SYS0');
-- SELECT * FROM HoaDon


INSERT INTO ChiTietKhoaHocThuocHoaDon(MaHoaDon,MaKhoaHoc,TenKhoaHoc,GiangVien,GiaTien) VALUES ('INV1','CRS1','IT Business Analysis','Ryan Nguyễn',4000000);
INSERT INTO ChiTietKhoaHocThuocHoaDon(MaHoaDon,MaKhoaHoc,TenKhoaHoc,GiangVien,GiaTien) VALUES ('INV2','CRS2','Product Owner Master Class','Harry Phạm',5400000);
INSERT INTO ChiTietKhoaHocThuocHoaDon(MaHoaDon,MaKhoaHoc,TenKhoaHoc,GiangVien,GiaTien) VALUES ('INV3','CRS2','Product Owner Master Class','Harry Phạm',5400000);
-- SELECT * FROM ChiTietKhoaHocThuocHoaDon
