/* INSERT DATA */
/*USE CASE 1*/
/* Bảng NhanVien */
INSERT INTO NhanVien(MaNV,HoTenNV,GioiTinhNV,NgaySinhNV,ChucVu,SoDienThoaiNV,EmailNV,TrangThaiNV,TaoVaoLuc,TaoBoi,ChinhSuaLanCuoiVaoLuc,ChinhSuaLanCuoiBoi) VALUES ('SYS0','Hệ thống',NULL,NULL,'Quản lý','0000000000','xxxxxxxxx@gmail.com','Đang hoạt động','2021-12-31 08:00:00','SYS0','2021-12-31 08:00:00','SYS0');
INSERT INTO NhanVien(MaNV,HoTenNV,GioiTinhNV,NgaySinhNV,ChucVu,SoDienThoaiNV,EmailNV,TrangThaiNV,TaoVaoLuc,TaoBoi,ChinhSuaLanCuoiVaoLuc,ChinhSuaLanCuoiBoi) VALUES ('STA0','Chưa tiếp nhận',NULL,NULL,'Nhân viên','0000000000','xxxxxxxxx@gmail.com','Đang hoạt động','2021-12-31 08:00:00','SYS0','2021-12-31 08:00:00','SYS0');
INSERT INTO NhanVien(MaNV,HoTenNV,GioiTinhNV,NgaySinhNV,ChucVu,SoDienThoaiNV,EmailNV,TrangThaiNV,TaoVaoLuc,TaoBoi,ChinhSuaLanCuoiVaoLuc,ChinhSuaLanCuoiBoi) VALUES ('STA1','Nguyễn Phương Thanh','Nữ','1956-10-13','Quản lý','0797979797','ngphthanh@gmail.com','Đang hoạt động','2021-12-31 08:00:00','SYS0','2021-12-31 09:00:00','STA1');
INSERT INTO NhanVien(MaNV,HoTenNV,GioiTinhNV,NgaySinhNV,ChucVu,SoDienThoaiNV,EmailNV,TrangThaiNV,TaoVaoLuc,TaoBoi,ChinhSuaLanCuoiVaoLuc,ChinhSuaLanCuoiBoi) VALUES ('STA2','Nguyễn Ngọc Hoàng','Nam','1990-05-15','Nhân viên','0987123456','hoangnguyenngoc@gmail.com','Đang hoạt động','2022-01-01 08:00:00','STA1','2022-01-01 10:30:00','STA1');
INSERT INTO NhanVien(MaNV,HoTenNV,GioiTinhNV,NgaySinhNV,ChucVu,SoDienThoaiNV,EmailNV,TrangThaiNV,TaoVaoLuc,TaoBoi,ChinhSuaLanCuoiVaoLuc,ChinhSuaLanCuoiBoi) VALUES ('STA3','Võ Anh Thư','Nữ','1988-09-25','Nhân viên','0908123456','anhthuvo@gmail.com','Đang hoạt động','2022-01-02 09:15:00','STA1','2022-01-02 14:45:00','STA1');
INSERT INTO NhanVien(MaNV,HoTenNV,GioiTinhNV,NgaySinhNV,ChucVu,SoDienThoaiNV,EmailNV,TrangThaiNV,TaoVaoLuc,TaoBoi,ChinhSuaLanCuoiVaoLuc,ChinhSuaLanCuoiBoi) VALUES ('STA4','Trần Mỹ Hạnh','Nữ','1995-11-10','Nhân viên','0978123456','hanhmytran@gmail.com','Đang hoạt động','2022-01-03 11:30:00','STA1','2022-01-03 16:20:00','STA1');
INSERT INTO NhanVien(MaNV,HoTenNV,GioiTinhNV,NgaySinhNV,ChucVu,SoDienThoaiNV,EmailNV,TrangThaiNV,TaoVaoLuc,TaoBoi,ChinhSuaLanCuoiVaoLuc,ChinhSuaLanCuoiBoi) VALUES ('STA5','Trương Minh Tiến','Nam','1982-03-02','Nhân viên','0918123456','minhtientruong@gmail.com','Đang hoạt động','2022-01-04 13:45:00','STA1','2022-01-04 18:10:00','STA1');
INSERT INTO NhanVien(MaNV,HoTenNV,GioiTinhNV,NgaySinhNV,ChucVu,SoDienThoaiNV,EmailNV,TrangThaiNV,TaoVaoLuc,TaoBoi,ChinhSuaLanCuoiVaoLuc,ChinhSuaLanCuoiBoi) VALUES ('STA6','Nguyễn Đức Trung','Nam','1993-07-20','Nhân viên','0968123456','ductrungnguyen@gmail.com','Đang hoạt động','2022-01-05 15:00:00','STA1','2022-01-05 20:05:00','STA1');
INSERT INTO NhanVien(MaNV,HoTenNV,GioiTinhNV,NgaySinhNV,ChucVu,SoDienThoaiNV,EmailNV,TrangThaiNV,TaoVaoLuc,TaoBoi,ChinhSuaLanCuoiVaoLuc,ChinhSuaLanCuoiBoi) VALUES ('STA7','Bùi Thị Thúy','Nữ','1987-01-12','Nhân viên','0958123456','thuythibui@gmail.com','Đang hoạt động','2022-01-06 17:15:00','STA1','2022-01-06 22:40:00','STA1');
INSERT INTO NhanVien(MaNV,HoTenNV,GioiTinhNV,NgaySinhNV,ChucVu,SoDienThoaiNV,EmailNV,TrangThaiNV,TaoVaoLuc,TaoBoi,ChinhSuaLanCuoiVaoLuc,ChinhSuaLanCuoiBoi) VALUES ('STA8','Trần Thúy Hằng','Nữ','1984-06-30','Nhân viên','0948123456','hangthuytran@gmail.com','Đang hoạt động','2022-01-07 19:30:00','STA1','2022-01-07 20:00:00','STA1');
INSERT INTO NhanVien(MaNV,HoTenNV,GioiTinhNV,NgaySinhNV,ChucVu,SoDienThoaiNV,EmailNV,TrangThaiNV,TaoVaoLuc,TaoBoi,ChinhSuaLanCuoiVaoLuc,ChinhSuaLanCuoiBoi) VALUES ('STA9','Bùi Bích Trâm','Nữ','1999-12-05','Nhân viên','0938123456','trambichbui@gmail.com','Đang hoạt động','2022-01-08 21:45:00','STA1','2022-01-08 14:15:00','STA1');
INSERT INTO NhanVien(MaNV,HoTenNV,GioiTinhNV,NgaySinhNV,ChucVu,SoDienThoaiNV,EmailNV,TrangThaiNV,TaoVaoLuc,TaoBoi,ChinhSuaLanCuoiVaoLuc,ChinhSuaLanCuoiBoi) VALUES ('STA10','Trần Thanh Mai','Nữ','1986-04-18','Nhân viên','0928123456','maithanhtran@gmail.com','Đang hoạt động','2022-01-09 23:59:00','STA1','2022-02-09 08:50:00','STA1');
INSERT INTO NhanVien(MaNV,HoTenNV,GioiTinhNV,NgaySinhNV,ChucVu,SoDienThoaiNV,EmailNV,TrangThaiNV,TaoVaoLuc,TaoBoi,ChinhSuaLanCuoiVaoLuc,ChinhSuaLanCuoiBoi) VALUES ('STA11','Huỳnh Nhã Thy','Nữ','1991-08-08','Nhân viên','0998123456','nhathythuynh@gmail.com','Đang hoạt động','2022-01-10 02:30:00','STA1','2022-01-10 16:30:00','STA1');
;
-- SELECT * FROM NhanVien

/* Bảng TaiKhoan */

INSERT INTO TaiKhoan(MaTK,EmailTK,MatKhauTK,TrangThaiTK,MaNV,TaoVaoLuc,TaoBoi,ChinhSuaLanCuoiVaoLuc,ChinhSuaLanCuoiBoi) VALUES ('ACC1','ngphthanh@gmai.com','secretKey','Đang hoạt động','STA0','2021-12-31 08:00:00','SYS0','2021-12-31 08:00:00','SYS0');
INSERT INTO TaiKhoan(MaTK,EmailTK,MatKhauTK,TrangThaiTK,MaNV,TaoVaoLuc,TaoBoi,ChinhSuaLanCuoiVaoLuc,ChinhSuaLanCuoiBoi) VALUES ('ACC2','hoangnguyenngoc@gmail.com','pass@123','Đang hoạt động','STA1','2022-01-01 08:00:00','SYS0','2022-01-01 08:00:00','SYS0');
INSERT INTO TaiKhoan(MaTK,EmailTK,MatKhauTK,TrangThaiTK,MaNV,TaoVaoLuc,TaoBoi,ChinhSuaLanCuoiVaoLuc,ChinhSuaLanCuoiBoi) VALUES ('ACC3','anhthuvo@gmail.com','strongPwd','Đang hoạt động','STA2','2022-01-02 09:15:00','SYS0','2022-01-02 09:15:00','SYS0');
INSERT INTO TaiKhoan(MaTK,EmailTK,MatKhauTK,TrangThaiTK,MaNV,TaoVaoLuc,TaoBoi,ChinhSuaLanCuoiVaoLuc,ChinhSuaLanCuoiBoi) VALUES ('ACC4','hanhmytran@gmail.com','mySecret','Đang hoạt động','STA3','2022-01-03 11:30:00','SYS0','2022-01-03 11:30:00','SYS0');
INSERT INTO TaiKhoan(MaTK,EmailTK,MatKhauTK,TrangThaiTK,MaNV,TaoVaoLuc,TaoBoi,ChinhSuaLanCuoiVaoLuc,ChinhSuaLanCuoiBoi) VALUES ('ACC5','minhtientruong@gmail.com','p@ssw0rd','Đang hoạt động','STA4','2022-01-04 13:45:00','SYS0','2022-01-04 13:45:00','SYS0');
INSERT INTO TaiKhoan(MaTK,EmailTK,MatKhauTK,TrangThaiTK,MaNV,TaoVaoLuc,TaoBoi,ChinhSuaLanCuoiVaoLuc,ChinhSuaLanCuoiBoi) VALUES ('ACC6','ductrungnguyen@gmail.com','secure123','Vô hiệu hóa','STA5','2022-01-05 15:00:00','SYS0','2022-01-05 15:00:00','SYS0');
INSERT INTO TaiKhoan(MaTK,EmailTK,MatKhauTK,TrangThaiTK,MaNV,TaoVaoLuc,TaoBoi,ChinhSuaLanCuoiVaoLuc,ChinhSuaLanCuoiBoi) VALUES ('ACC7','thuythibui@gmail.com','12345pass','Đang hoạt động','STA6','2022-01-06 17:15:00','SYS0','2022-01-06 17:15:00','SYS0');
INSERT INTO TaiKhoan(MaTK,EmailTK,MatKhauTK,TrangThaiTK,MaNV,TaoVaoLuc,TaoBoi,ChinhSuaLanCuoiVaoLuc,ChinhSuaLanCuoiBoi) VALUES ('ACC8','hangthuytran@gmail.com','secretPwd','Đang hoạt động','STA7','2022-01-07 19:30:00','SYS0','2022-01-07 19:30:00','SYS0');
INSERT INTO TaiKhoan(MaTK,EmailTK,MatKhauTK,TrangThaiTK,MaNV,TaoVaoLuc,TaoBoi,ChinhSuaLanCuoiVaoLuc,ChinhSuaLanCuoiBoi) VALUES ('ACC9','trambichbui@gmail.com','password123','Vô hiệu hóa','STA8','2022-01-08 21:45:00','SYS0','2022-01-08 21:45:00','SYS0');
INSERT INTO TaiKhoan(MaTK,EmailTK,MatKhauTK,TrangThaiTK,MaNV,TaoVaoLuc,TaoBoi,ChinhSuaLanCuoiVaoLuc,ChinhSuaLanCuoiBoi) VALUES ('ACC10','maithanhtran@gmail.com','secretPass','Đang hoạt động','STA9','2022-01-09 23:59:00','SYS0','2022-01-09 23:59:00','SYS0');
INSERT INTO TaiKhoan(MaTK,EmailTK,MatKhauTK,TrangThaiTK,MaNV,TaoVaoLuc,TaoBoi,ChinhSuaLanCuoiVaoLuc,ChinhSuaLanCuoiBoi) VALUES ('ACC011','nhathythuynh@gmail.com','pass2023','Đang hoạt động','STA10','2022-01-10 02:30:00','SYS0','2022-01-10 02:30:00','SYS0');
-- SELECT * FROM TaiKhoan
;

INSERT INTO YeuCauTuVan(MaTuVan,TenLeadYeuCau,NgaySinhLeadYeuCau,EmailLeadYeuCau,SDTLeadYeuCau,GhiChuYCTV,TrangThaiYCTV,TaoVaoLuc,TaoBoiLead) VALUES ('CON1','Nguyễn Thu Việc','1988-03-02','viecthunguyen@gmail.com','0888777666',NULL,'Đã tiếp nhận','2023-09-11 13:45:35','LEA3');
INSERT INTO YeuCauTuVan(MaTuVan,TenLeadYeuCau,NgaySinhLeadYeuCau,EmailLeadYeuCau,SDTLeadYeuCau,GhiChuYCTV,TrangThaiYCTV,TaoVaoLuc,TaoBoiLead) VALUES ('CON2','Nguyễn Hoàng Minh','1978-12-05','minhhoangnguyen@gmail.com','0999888777',NULL,'Đã tiếp nhận','2023-01-17 23:15:47','LEA2');
INSERT INTO YeuCauTuVan(MaTuVan,TenLeadYeuCau,NgaySinhLeadYeuCau,EmailLeadYeuCau,SDTLeadYeuCau,GhiChuYCTV,TrangThaiYCTV,TaoVaoLuc,TaoBoiLead) VALUES ('CON3','Phan Duy Trọng','2003-05-15','trongphanduy@gmail.com','0987654321',NULL,'Đã tiếp nhận','2023-01-22 01:51:15','LEA6');
INSERT INTO YeuCauTuVan(MaTuVan,TenLeadYeuCau,NgaySinhLeadYeuCau,EmailLeadYeuCau,SDTLeadYeuCau,GhiChuYCTV,TrangThaiYCTV,TaoVaoLuc,TaoBoiLead) VALUES ('CON4','Bùi Xuân Vĩ','1982-01-12','vixuanbui@gmail.com','0444333222',NULL,'Đã tiếp nhận','2023-01-08 01:20:08','LEA9');
-- SELECT * FROM YeuCauTuVan
;

INSERT INTO ChiTietKhoaHocThuocYCTV(MaTuVan,MaKhoaHoc,TenKhoaHoc,GiangVien,HocPhi) VALUES ('CON1','CRS2','Product Owner Master Class','Harry Phạm',5400000);
INSERT INTO ChiTietKhoaHocThuocYCTV(MaTuVan,MaKhoaHoc,TenKhoaHoc,GiangVien,HocPhi) VALUES ('CON2','CRS3','SQL Advanced Class','Jerry Bùi',4914000);
INSERT INTO ChiTietKhoaHocThuocYCTV(MaTuVan,MaKhoaHoc,TenKhoaHoc,GiangVien,HocPhi) VALUES ('CON3','CRS1','IT Business Analysis','Ryan Nguyễn',4000000);
INSERT INTO ChiTietKhoaHocThuocYCTV(MaTuVan,MaKhoaHoc,TenKhoaHoc,GiangVien,HocPhi) VALUES ('CON4','CRS2','Product Owner Master Class','Harry Phạm',5400000);
-- SELECT * FROM YeuCauTuVan
;

INSERT INTO TBL_Lead(MaLead,HoTenLead,GioiTinhLead,NgaySinhLead,SoDienThoaiLead,EmailLead,MaNgheNghiep,MaNVPhuTrachLead,TrangThaiLead,LyDoTrangThaiLead,NguonLead,GhiChuLead,LeadTuKHCu,TaoVaoLuc,TaoBoi,ChinhSuaLanCuoiVaoLuc,ChinhSuaLanCuoiBoi) VALUES ('LEA1','Ngô Thị Kim Cương','Nữ','1991-06-30','0777007007','kimcuongngothi@gmail.com','OCU1','STA7','Đang tư vấn',NULL,'LinkedIn',NULL,NULL,'2023-07-01 08:00:00','SYS0','2023-07-01 10:30:00','STA7');
INSERT INTO TBL_Lead(MaLead,HoTenLead,GioiTinhLead,NgaySinhLead,SoDienThoaiLead,EmailLead,MaNgheNghiep,MaNVPhuTrachLead,TrangThaiLead,LyDoTrangThaiLead,NguonLead,GhiChuLead,LeadTuKHCu,TaoVaoLuc,TaoBoi,ChinhSuaLanCuoiVaoLuc,ChinhSuaLanCuoiBoi) VALUES ('LEA2','Nguyễn Hoàng Minh','Nam','1978-12-05','0999888777','minhhoangnguyen@gmail.com','OCU2','STA4','Chờ tư vấn',NULL,'Website',NULL,NULL,'2023-06-02 09:15:00','SYS0','2023-06-02 14:45:00','STA4');
INSERT INTO TBL_Lead(MaLead,HoTenLead,GioiTinhLead,NgaySinhLead,SoDienThoaiLead,EmailLead,MaNgheNghiep,MaNVPhuTrachLead,TrangThaiLead,LyDoTrangThaiLead,NguonLead,GhiChuLead,LeadTuKHCu,TaoVaoLuc,TaoBoi,ChinhSuaLanCuoiVaoLuc,ChinhSuaLanCuoiBoi) VALUES ('LEA3','Nguyễn Thu Việc','Nữ','1988-03-02','0888777666','viecthunguyen@gmail.com','OCU3','STA2','Chờ tư vấn',NULL,'Truyền miệng',NULL,NULL,'2023-05-03 11:30:00','SYS0','2023-05-03 16:20:00','STA2');
INSERT INTO TBL_Lead(MaLead,HoTenLead,GioiTinhLead,NgaySinhLead,SoDienThoaiLead,EmailLead,MaNgheNghiep,MaNVPhuTrachLead,TrangThaiLead,LyDoTrangThaiLead,NguonLead,GhiChuLead,LeadTuKHCu,TaoVaoLuc,TaoBoi,ChinhSuaLanCuoiVaoLuc,ChinhSuaLanCuoiBoi) VALUES ('LEA4','Lê Minh Quân','Nam','1992-09-25','0123456789','minhquanle@gmail.com','OCU4','STA9','Đang tư vấn',NULL,'Facebook',NULL,NULL,'2023-04-04 13:45:00','SYS0','2023-04-04 18:10:00','STA9');
INSERT INTO TBL_Lead(MaLead,HoTenLead,GioiTinhLead,NgaySinhLead,SoDienThoaiLead,EmailLead,MaNgheNghiep,MaNVPhuTrachLead,TrangThaiLead,LyDoTrangThaiLead,NguonLead,GhiChuLead,LeadTuKHCu,TaoVaoLuc,TaoBoi,ChinhSuaLanCuoiVaoLuc,ChinhSuaLanCuoiBoi) VALUES ('LEA5','Dương Thùy Dương','Nữ','2002-04-18','0333222111','duongthuyduong@gmail.com','OCU5','STA10','Ngừng theo dõi',NULL,'Truyền miệng',NULL,NULL,'2023-03-05 15:00:00','SYS0','2023-03-05 20:05:00','STA10');
INSERT INTO TBL_Lead(MaLead,HoTenLead,GioiTinhLead,NgaySinhLead,SoDienThoaiLead,EmailLead,MaNgheNghiep,MaNVPhuTrachLead,TrangThaiLead,LyDoTrangThaiLead,NguonLead,GhiChuLead,LeadTuKHCu,TaoVaoLuc,TaoBoi,ChinhSuaLanCuoiVaoLuc,ChinhSuaLanCuoiBoi) VALUES ('LEA6','Phan Duy Trọng','Nam','2003-05-15','0987654321','trongphanduy@gmail.com','OCU5','STA5','Đã thanh toán',NULL,'Facebook',NULL,NULL,'2023-02-06 17:15:00','SYS0','2023-02-06 22:40:00','STA5');
INSERT INTO TBL_Lead(MaLead,HoTenLead,GioiTinhLead,NgaySinhLead,SoDienThoaiLead,EmailLead,MaNgheNghiep,MaNVPhuTrachLead,TrangThaiLead,LyDoTrangThaiLead,NguonLead,GhiChuLead,LeadTuKHCu,TaoVaoLuc,TaoBoi,ChinhSuaLanCuoiVaoLuc,ChinhSuaLanCuoiBoi) VALUES ('LEA7','Trần Kim Ngọc','Nữ','1985-11-10','0909090909','ngockimtran@gmail.com','OCU6','STA11','Đang tư vấn',NULL,'Website',NULL,NULL,'2023-01-07 19:30:00','SYS0','2023-01-08 09:25:00','STA11');
INSERT INTO TBL_Lead(MaLead,HoTenLead,GioiTinhLead,NgaySinhLead,SoDienThoaiLead,EmailLead,MaNgheNghiep,MaNVPhuTrachLead,TrangThaiLead,LyDoTrangThaiLead,NguonLead,GhiChuLead,LeadTuKHCu,TaoVaoLuc,TaoBoi,ChinhSuaLanCuoiVaoLuc,ChinhSuaLanCuoiBoi) VALUES ('LEA8','Lâm Thy Nhã','Nữ','1979-07-20','0555666777','nhalamthy@gmail.com','OCU7','STA8','Chờ tư vấn',NULL,'Linkedln',NULL,NULL,'2023-12-08 21:45:00','SYS0','2023-12-09 14:15:00','STA8');
INSERT INTO TBL_Lead(MaLead,HoTenLead,GioiTinhLead,NgaySinhLead,SoDienThoaiLead,EmailLead,MaNgheNghiep,MaNVPhuTrachLead,TrangThaiLead,LyDoTrangThaiLead,NguonLead,GhiChuLead,LeadTuKHCu,TaoVaoLuc,TaoBoi,ChinhSuaLanCuoiVaoLuc,ChinhSuaLanCuoiBoi) VALUES ('LEA9','Bùi Xuân Vĩ','Nam','1982-01-12','0444333222','vixuanbui@gmail.com','OCU8','STA6','Đã thanh toán',NULL,'Facebook',NULL,NULL,'2023-11-09 23:59:00','SYS0','2023-11-10 08:50:00','STA6');
INSERT INTO TBL_Lead(MaLead,HoTenLead,GioiTinhLead,NgaySinhLead,SoDienThoaiLead,EmailLead,MaNgheNghiep,MaNVPhuTrachLead,TrangThaiLead,LyDoTrangThaiLead,NguonLead,GhiChuLead,LeadTuKHCu,TaoVaoLuc,TaoBoi,ChinhSuaLanCuoiVaoLuc,ChinhSuaLanCuoiBoi) VALUES ('LEA10','Dương Bích Tuyền','Nữ','1983-08-08','0111222333','tuyenbichduong@gmail.com','OCU9','STA3','Ngừng theo dõi',NULL,'Facebook',NULL,NULL,'2023-10-10 02:30:00','SYS0','2023-10-10 16:30:00','STA3');
-- SELECT * FROM TBL_Lead
;

INSERT INTO HoatDongLead(MaHDLead,MaLead,TenHDLead,LoaiHDLead,HDLeadDuocTaoBoi,MaNVPhuTrachHDLead,TenNVPhuTrachHDLead,MaEmailDenLead,TaoVaoLuc) VALUES ('LAC1','LEA1','Yêu cầu tư vấn đến Bùi Thị Thúy','Tư vấn','Lead','STA7','Bùi Thị Thúy',NULL,'2023-12-08 08:00:00');
INSERT INTO HoatDongLead(MaHDLead,MaLead,TenHDLead,LoaiHDLead,HDLeadDuocTaoBoi,MaNVPhuTrachHDLead,TenNVPhuTrachHDLead,MaEmailDenLead,TaoVaoLuc) VALUES ('LAC2','LEA2','Yêu cầu tư vấn đến Trần Mỹ Hạnh','Tư vấn','Lead','STA4','Trần Mỹ Hạnh',NULL,'2023-01-11 08:00:00');
INSERT INTO HoatDongLead(MaHDLead,MaLead,TenHDLead,LoaiHDLead,HDLeadDuocTaoBoi,MaNVPhuTrachHDLead,TenNVPhuTrachHDLead,MaEmailDenLead,TaoVaoLuc) VALUES ('LAC3','LEA3','Yêu cầu tư vấn đến Nguyễn Ngọc Hoàng','Tư vấn','Lead','STA2','Nguyễn Ngọc Hoàng',NULL,'2023-09-11 08:00:00');
INSERT INTO HoatDongLead(MaHDLead,MaLead,TenHDLead,LoaiHDLead,HDLeadDuocTaoBoi,MaNVPhuTrachHDLead,TenNVPhuTrachHDLead,MaEmailDenLead,TaoVaoLuc) VALUES ('LAC4','LEA4','Yêu cầu tư vấn đến Bùi Bích Trâm','Tư vấn','Lead','STA9','Bùi Bích Trâm',NULL,'2023-12-09 08:00:00');
INSERT INTO HoatDongLead(MaHDLead,MaLead,TenHDLead,LoaiHDLead,HDLeadDuocTaoBoi,MaNVPhuTrachHDLead,TenNVPhuTrachHDLead,MaEmailDenLead,TaoVaoLuc) VALUES ('LAC5','LEA5','Yêu cầu tư vấn đến Trần Thanh Mai','Tư vấn','Lead','STA10','Trần Thanh Mai',NULL,'2023-12-10 08:00:00');
INSERT INTO HoatDongLead(MaHDLead,MaLead,TenHDLead,LoaiHDLead,HDLeadDuocTaoBoi,MaNVPhuTrachHDLead,TenNVPhuTrachHDLead,MaEmailDenLead,TaoVaoLuc) VALUES ('LAC6','LEA6','Yêu cầu báo giá khóa học đến Trương Minh Tiến','Yêu cầu','Lead','STA5','Trương Minh Tiến',NULL,'2023-04-22 08:00:00');
INSERT INTO HoatDongLead(MaHDLead,MaLead,TenHDLead,LoaiHDLead,HDLeadDuocTaoBoi,MaNVPhuTrachHDLead,TenNVPhuTrachHDLead,MaEmailDenLead,TaoVaoLuc) VALUES ('LAC7','LEA7','Yêu cầu tư vấn đến Huỳnh Nhã Thy','Tư vấn','Lead','STA11','Huỳnh Nhã Thy',NULL,'2023-12-15 08:00:00');
INSERT INTO HoatDongLead(MaHDLead,MaLead,TenHDLead,LoaiHDLead,HDLeadDuocTaoBoi,MaNVPhuTrachHDLead,TenNVPhuTrachHDLead,MaEmailDenLead,TaoVaoLuc) VALUES ('LAC8','LEA8','Yêu cầu báo giá khóa học đến Trần Thúy Hằng','Yêu cầu','Lead','STA8','Trần Thúy Hằng',NULL,'2023-12-17 08:00:00');
INSERT INTO HoatDongLead(MaHDLead,MaLead,TenHDLead,LoaiHDLead,HDLeadDuocTaoBoi,MaNVPhuTrachHDLead,TenNVPhuTrachHDLead,MaEmailDenLead,TaoVaoLuc) VALUES ('LAC9','LEA9','Yêu cầu báo giá khóa học đến Nguyễn Đức Trung','Yêu cầu','Lead','STA6','Nguyễn Đức Trung',NULL,'2023-02-27 08:00:00');
INSERT INTO HoatDongLead(MaHDLead,MaLead,TenHDLead,LoaiHDLead,HDLeadDuocTaoBoi,MaNVPhuTrachHDLead,TenNVPhuTrachHDLead,MaEmailDenLead,TaoVaoLuc) VALUES ('LAC10','LEA10','Yêu cầu tư vấn đến Võ Anh Thư','Tư vấn','Lead','STA3','Võ Anh Thư',NULL,'2023-12-24 08:00:00');
-- SELECT * FROM HoatDongLead
;

INSERT INTO NgheNghiep(MaNgheNghiep,TenNgheNghiep,TrangThaiNgheNghiep,TaoVaoLuc,TaoBoi,ChinhSuaLanCuoiVaoLuc,ChinhSuaLanCuoiBoi) VALUES ('OCU1','Nhiếp ảnh','Đang được đưa vào sử dụng','2023-07-01 08:00:00','SYS0','2023-07-01 08:00:00','SYS0');
INSERT INTO NgheNghiep(MaNgheNghiep,TenNgheNghiep,TrangThaiNgheNghiep,TaoVaoLuc,TaoBoi,ChinhSuaLanCuoiVaoLuc,ChinhSuaLanCuoiBoi) VALUES ('OCU2','Phân tích dữ liệu','Đang được đưa vào sử dụng','2023-06-02 09:15:00','SYS0','2023-06-02 09:15:00','SYS0');
INSERT INTO NgheNghiep(MaNgheNghiep,TenNgheNghiep,TrangThaiNgheNghiep,TaoVaoLuc,TaoBoi,ChinhSuaLanCuoiVaoLuc,ChinhSuaLanCuoiBoi) VALUES ('OCU3','Chuyên viên kinh doanh','Đang được đưa vào sử dụng','2023-05-03 11:30:00','SYS0','2023-05-03 11:30:00','SYS0');
INSERT INTO NgheNghiep(MaNgheNghiep,TenNgheNghiep,TrangThaiNgheNghiep,TaoVaoLuc,TaoBoi,ChinhSuaLanCuoiVaoLuc,ChinhSuaLanCuoiBoi) VALUES ('OCU4','Giảng viên','Đang được đưa vào sử dụng','2023-04-04 13:45:00','SYS0','2023-04-04 13:45:00','SYS0');
INSERT INTO NgheNghiep(MaNgheNghiep,TenNgheNghiep,TrangThaiNgheNghiep,TaoVaoLuc,TaoBoi,ChinhSuaLanCuoiVaoLuc,ChinhSuaLanCuoiBoi) VALUES ('OCU5','Học sinh - Sinh viên','Đang được đưa vào sử dụng','2023-03-05 15:00:00','SYS0','2023-03-05 15:00:00','SYS0');
INSERT INTO NgheNghiep(MaNgheNghiep,TenNgheNghiep,TrangThaiNgheNghiep,TaoVaoLuc,TaoBoi,ChinhSuaLanCuoiVaoLuc,ChinhSuaLanCuoiBoi) VALUES ('OCU6','Bác sĩ','Đang được đưa vào sử dụng','2023-01-07 19:30:00','SYS0','2023-01-07 19:30:00','SYS0');
INSERT INTO NgheNghiep(MaNgheNghiep,TenNgheNghiep,TrangThaiNgheNghiep,TaoVaoLuc,TaoBoi,ChinhSuaLanCuoiVaoLuc,ChinhSuaLanCuoiBoi) VALUES ('OCU7','Mua bán','Đang được đưa vào sử dụng','2023-12-08 21:45:00','SYS0','2023-12-08 21:45:00','SYS0');
INSERT INTO NgheNghiep(MaNgheNghiep,TenNgheNghiep,TrangThaiNgheNghiep,TaoVaoLuc,TaoBoi,ChinhSuaLanCuoiVaoLuc,ChinhSuaLanCuoiBoi) VALUES ('OCU8','Nhà báo','Đang được đưa vào sử dụng','2023-11-09 23:59:00','SYS0','2023-11-09 23:59:00','SYS0');
INSERT INTO NgheNghiep(MaNgheNghiep,TenNgheNghiep,TrangThaiNgheNghiep,TaoVaoLuc,TaoBoi,ChinhSuaLanCuoiVaoLuc,ChinhSuaLanCuoiBoi) VALUES ('OCU9','Nhân viên bất động sản','Đang được đưa vào sử dụng','2023-10-10 02:30:00','SYS0','2023-10-10 02:30:00','SYS0');
-- SELECT * FROM HoatDongLead
;

INSERT INTO BaoGia(MaBaoGia,TenBaoGia,MaLead,HoTenLead,TongTienTruocGiam,MaGiamGia,PhamTramGiamGIa,TongTien,TrangThaiBaoGia,TaoVaoLuc,TaoBoi,ChinhSuaLanCuoiVaoLuc,ChinhSuaLanCuoiBoi) VALUES ('QUO1','Báo giá cho khóa học online IT Business Analysis','LEA6','Phan Duy Trọng',4000000,'DIC1',15,3400000,'Đã thanh toán','2023-04-30 10:51:08','SYS0','2023-04-30 10:51:08','SYS0');
INSERT INTO BaoGia(MaBaoGia,TenBaoGia,MaLead,HoTenLead,TongTienTruocGiam,MaGiamGia,PhamTramGiamGIa,TongTien,TrangThaiBaoGia,TaoVaoLuc,TaoBoi,ChinhSuaLanCuoiVaoLuc,ChinhSuaLanCuoiBoi) VALUES ('QUO2','Báo giá cho khóa học online Product Owner Master Class','LEA9','Bùi Xuân Vĩ',5400000,NULL,NULL,5400000,'Đã thanh toán','2023-04-29 03:07:18','SYS0','2023-04-29 03:07:18','SYS0');
INSERT INTO BaoGia(MaBaoGia,TenBaoGia,MaLead,HoTenLead,TongTienTruocGiam,MaGiamGia,PhamTramGiamGIa,TongTien,TrangThaiBaoGia,TaoVaoLuc,TaoBoi,ChinhSuaLanCuoiVaoLuc,ChinhSuaLanCuoiBoi) VALUES ('QUO3','Báo giá cho khóa học online Product Owner Master Class','LEA3','Nguyễn Thu Việc',5400000,NULL,NULL,5400000,'Chưa thanh toán','2023-09-11 14:04:24','SYS0','2023-09-11 14:04:24','SYS0');
INSERT INTO BaoGia(MaBaoGia,TenBaoGia,MaLead,HoTenLead,TongTienTruocGiam,MaGiamGia,PhamTramGiamGIa,TongTien,TrangThaiBaoGia,TaoVaoLuc,TaoBoi,ChinhSuaLanCuoiVaoLuc,ChinhSuaLanCuoiBoi) VALUES ('QUO4','Báo giá cho khóa học online Business Intelligence','LEA4','Lê Minh Quân',5482000,'DIC2',10,4933800,'Chưa thanh toán','2023-09-15 17:56:52','SYS0','2023-09-15 17:56:52','SYS0');
INSERT INTO BaoGia(MaBaoGia,TenBaoGia,MaLead,HoTenLead,TongTienTruocGiam,MaGiamGia,PhamTramGiamGIa,TongTien,TrangThaiBaoGia,TaoVaoLuc,TaoBoi,ChinhSuaLanCuoiVaoLuc,ChinhSuaLanCuoiBoi) VALUES ('QUO5','Báo giá cho khóa học online Desktop Coding Class','LEA7','Trần Kim Ngọc',4370000,NULL,NULL,4370000,'Đã hết hạn','2023-02-23 10:43:42','SYS0','2023-02-23 10:43:42','SYS0');
-- SELECT * FROM BaoGia
;

INSERT INTO ChiTietKhoaHocThuocBaoGia(MaBaoGia,MaKhoaHoc,TenKhoaHoc,GiangVien,GiaTien) VALUES ('QUO1','CRS1','IT Business Analysis','Ryan Nguyễn',4000000);
INSERT INTO ChiTietKhoaHocThuocBaoGia(MaBaoGia,MaKhoaHoc,TenKhoaHoc,GiangVien,GiaTien) VALUES ('QUO2','CRS2','Product Owner Master Class','Harry Phạm',5400000);
INSERT INTO ChiTietKhoaHocThuocBaoGia(MaBaoGia,MaKhoaHoc,TenKhoaHoc,GiangVien,GiaTien) VALUES ('QUO3','CRS2','Product Owner Master Class','Harry Phạm',5400000);
INSERT INTO ChiTietKhoaHocThuocBaoGia(MaBaoGia,MaKhoaHoc,TenKhoaHoc,GiangVien,GiaTien) VALUES ('QUO4','CRS5','Business Intelligence','Anh Tú',5482000);
INSERT INTO ChiTietKhoaHocThuocBaoGia(MaBaoGia,MaKhoaHoc,TenKhoaHoc,GiangVien,GiaTien) VALUES ('QUO5','CRS8','Desktop Coding Class','Jennie Huỳnh',4370000);
-- SELECT * FROM ChiTietKhoaHocThuocBaoGia
;

INSERT INTO QuyDinhGiamGia(MaQuyDinhGiamGia,MoTaLoaiGiamGia,SoLuongKhoaHocDangKy,MaNgheNghiep,NgayBatDau,NgayKetThuc,PhanTramGiamGiaMacDinh,PhanTramGiamGiaToiDa,TaoVaoLuc,TaoBoi,ChinhSuaLanCuoiVaoLuc,ChinhSuaLanCuoiBoi,TrangThaiQuyDinhGiamGia) VALUES ('DIS1','Giảm giá cơ bản',1,NULL,NULL,NULL,0,10,'2023-01-01 13:42:11','STA1','2023-01-01 13:42:11','STA1','Đang hoạt động');
INSERT INTO QuyDinhGiamGia(MaQuyDinhGiamGia,MoTaLoaiGiamGia,SoLuongKhoaHocDangKy,MaNgheNghiep,NgayBatDau,NgayKetThuc,PhanTramGiamGiaMacDinh,PhanTramGiamGiaToiDa,TaoVaoLuc,TaoBoi,ChinhSuaLanCuoiVaoLuc,ChinhSuaLanCuoiBoi,TrangThaiQuyDinhGiamGia) VALUES ('DIS2','Giảm giá cho đối tượng ưu tiên',1,'OCU5',NULL,NULL,5,15,'2023-03-22 18:55:04','STA1','2023-03-22 18:55:04','STA1','Đang hoạt động');
INSERT INTO QuyDinhGiamGia(MaQuyDinhGiamGia,MoTaLoaiGiamGia,SoLuongKhoaHocDangKy,MaNgheNghiep,NgayBatDau,NgayKetThuc,PhanTramGiamGiaMacDinh,PhanTramGiamGiaToiDa,TaoVaoLuc,TaoBoi,ChinhSuaLanCuoiVaoLuc,ChinhSuaLanCuoiBoi,TrangThaiQuyDinhGiamGia) VALUES ('DIS3','Giảm giá cho đối tượng ưu tiên và ngày đặc biệt',1,'OCU5','2023-11-23','2023-11-29',10,20,'2023-03-28 10:55:18','STA1','2023-03-28 10:55:18','STA1','Đang hoạt động');
INSERT INTO QuyDinhGiamGia(MaQuyDinhGiamGia,MoTaLoaiGiamGia,SoLuongKhoaHocDangKy,MaNgheNghiep,NgayBatDau,NgayKetThuc,PhanTramGiamGiaMacDinh,PhanTramGiamGiaToiDa,TaoVaoLuc,TaoBoi,ChinhSuaLanCuoiVaoLuc,ChinhSuaLanCuoiBoi,TrangThaiQuyDinhGiamGia) VALUES ('DIS4','Giảm giá nâng cao',2,NULL,NULL,NULL,5,15,'2023-01-22 16:01:33','STA1','2023-01-22 16:01:33','STA1','Đang hoạt động');
INSERT INTO QuyDinhGiamGia(MaQuyDinhGiamGia,MoTaLoaiGiamGia,SoLuongKhoaHocDangKy,MaNgheNghiep,NgayBatDau,NgayKetThuc,PhanTramGiamGiaMacDinh,PhanTramGiamGiaToiDa,TaoVaoLuc,TaoBoi,ChinhSuaLanCuoiVaoLuc,ChinhSuaLanCuoiBoi,TrangThaiQuyDinhGiamGia) VALUES ('DIS5','Giảm giá cho khách hàng tiềm năng',2,'OCU5',NULL,NULL,10,15,'2023-03-13 08:32:44','STA1','2023-03-13 08:32:44','STA1','Đang hoạt động');
INSERT INTO QuyDinhGiamGia(MaQuyDinhGiamGia,MoTaLoaiGiamGia,SoLuongKhoaHocDangKy,MaNgheNghiep,NgayBatDau,NgayKetThuc,PhanTramGiamGiaMacDinh,PhanTramGiamGiaToiDa,TaoVaoLuc,TaoBoi,ChinhSuaLanCuoiVaoLuc,ChinhSuaLanCuoiBoi,TrangThaiQuyDinhGiamGia) VALUES ('DIS6','Giảm giá cho khách hàng tiềm năng và ngày đặc biệt',2,'OCU5','2023-11-23','2023-11-29',15,15,'2023-02-04 20:37:15','STA1','2023-02-04 20:37:15','STA1','Đang hoạt động');
INSERT INTO QuyDinhGiamGia(MaQuyDinhGiamGia,MoTaLoaiGiamGia,SoLuongKhoaHocDangKy,MaNgheNghiep,NgayBatDau,NgayKetThuc,PhanTramGiamGiaMacDinh,PhanTramGiamGiaToiDa,TaoVaoLuc,TaoBoi,ChinhSuaLanCuoiVaoLuc,ChinhSuaLanCuoiBoi,TrangThaiQuyDinhGiamGia) VALUES ('DIS7','Giảm giá cho khách hàng VIP',3,NULL,NULL,NULL,10,20,'2023-01-04 18:57:40','STA1','2023-01-04 18:57:40','STA1','Đang hoạt động');
INSERT INTO QuyDinhGiamGia(MaQuyDinhGiamGia,MoTaLoaiGiamGia,SoLuongKhoaHocDangKy,MaNgheNghiep,NgayBatDau,NgayKetThuc,PhanTramGiamGiaMacDinh,PhanTramGiamGiaToiDa,TaoVaoLuc,TaoBoi,ChinhSuaLanCuoiVaoLuc,ChinhSuaLanCuoiBoi,TrangThaiQuyDinhGiamGia) VALUES ('DIS8','Giảm giá ưu đãi thêm cho khách hàng VIP',3,'OCU5',NULL,NULL,15,25,'2023-03-06 04:08:40','STA1','2023-03-06 04:08:40','STA1','Đang hoạt động');
INSERT INTO QuyDinhGiamGia(MaQuyDinhGiamGia,MoTaLoaiGiamGia,SoLuongKhoaHocDangKy,MaNgheNghiep,NgayBatDau,NgayKetThuc,PhanTramGiamGiaMacDinh,PhanTramGiamGiaToiDa,TaoVaoLuc,TaoBoi,ChinhSuaLanCuoiVaoLuc,ChinhSuaLanCuoiBoi,TrangThaiQuyDinhGiamGia) VALUES ('DIS9','Giảm giá ưu đãi thêm cho khách hàng VIP và ngày đặc biệt',3,'OCU5','2023-11-23','2023-11-29',20,30,'2023-03-31 09:14:21','STA1','2023-03-31 09:14:21','STA1','Đang hoạt động');
-- SELECT * FROM QuyDinhGiamGia
;

INSERT INTO MaGiamGia(MaGiamGia,MoTaMaGiamGia,PhamViApDung,PhanTramGiamGia,TrangThaiMaGiamGia,MaQuyDinhGiamGia,TaoVaoLuc,TaoBoi,ChinhSuaLanCuoiVaoLuc,ChinhSuaLanCuoiBoi) VALUES ('DIC1','MUAGICUNGRE15','Cho cá nhân',15,'Khả dụng','DIS2','2023-07-21 14:45:24','SYS0','2023-07-21 14:45:24','SYS0');
INSERT INTO MaGiamGia(MaGiamGia,MoTaMaGiamGia,PhamViApDung,PhanTramGiamGia,TrangThaiMaGiamGia,MaQuyDinhGiamGia,TaoVaoLuc,TaoBoi,ChinhSuaLanCuoiVaoLuc,ChinhSuaLanCuoiBoi) VALUES ('DIC2','HOCSINHSINHVIEN15','Cho nhóm',10,'Đang duyệt','DIS1','2023-07-10 11:04:37','SYS0','2023-07-10 11:04:37','SYS0');
INSERT INTO MaGiamGia(MaGiamGia,MoTaMaGiamGia,PhamViApDung,PhanTramGiamGia,TrangThaiMaGiamGia,MaQuyDinhGiamGia,TaoVaoLuc,TaoBoi,ChinhSuaLanCuoiVaoLuc,ChinhSuaLanCuoiBoi) VALUES ('DIC3','NGAYPHUNU10','Cho cá nhân',10,'Khả dụng','DIS2','2023-09-02 19:20:43','SYS0','2023-09-02 19:20:43','SYS0');
INSERT INTO MaGiamGia(MaGiamGia,MoTaMaGiamGia,PhamViApDung,PhanTramGiamGia,TrangThaiMaGiamGia,MaQuyDinhGiamGia,TaoVaoLuc,TaoBoi,ChinhSuaLanCuoiVaoLuc,ChinhSuaLanCuoiBoi) VALUES ('DIC4','NGAYNHAGIAOVIETNAM15','Cho cá nhân',15,'Khả dụng','DIS3','2023-09-12 04:20:41','SYS0','2023-09-12 04:20:41','SYS0');
INSERT INTO MaGiamGia(MaGiamGia,MoTaMaGiamGia,PhamViApDung,PhanTramGiamGia,TrangThaiMaGiamGia,MaQuyDinhGiamGia,TaoVaoLuc,TaoBoi,ChinhSuaLanCuoiVaoLuc,ChinhSuaLanCuoiBoi) VALUES ('DIC5','NGAYSINHNHAT15','Cho cá nhân',15,'Khả dụng','DIS5','2023-04-01 10:27:42','SYS0','2023-04-01 10:27:42','SYS0');
INSERT INTO MaGiamGia(MaGiamGia,MoTaMaGiamGia,PhamViApDung,PhanTramGiamGia,TrangThaiMaGiamGia,MaQuyDinhGiamGia,TaoVaoLuc,TaoBoi,ChinhSuaLanCuoiVaoLuc,ChinhSuaLanCuoiBoi) VALUES ('DIC6','CHAPCANHUOCMO5','Cho nhóm',5,'Khả dụng','DIS1','2023-08-15 07:47:55','SYS0','2023-08-15 07:47:55','SYS0');
INSERT INTO MaGiamGia(MaGiamGia,MoTaMaGiamGia,PhamViApDung,PhanTramGiamGia,TrangThaiMaGiamGia,MaQuyDinhGiamGia,TaoVaoLuc,TaoBoi,ChinhSuaLanCuoiVaoLuc,ChinhSuaLanCuoiBoi) VALUES ('DIC7','BLACKFRIDAY20','Không giới hạn',15,'Hết hạn','DIS6','2023-09-11 16:30:11','SYS0','2023-09-11 16:30:11','SYS0');
INSERT INTO MaGiamGia(MaGiamGia,MoTaMaGiamGia,PhamViApDung,PhanTramGiamGia,TrangThaiMaGiamGia,MaQuyDinhGiamGia,TaoVaoLuc,TaoBoi,ChinhSuaLanCuoiVaoLuc,ChinhSuaLanCuoiBoi) VALUES ('DIC8','WELCOME10','Cho nhóm',10,'Hết hạn','DIS1','2023-11-02 05:25:32','SYS0','2023-11-02 05:25:32','SYS0');
INSERT INTO MaGiamGia(MaGiamGia,MoTaMaGiamGia,PhamViApDung,PhanTramGiamGia,TrangThaiMaGiamGia,MaQuyDinhGiamGia,TaoVaoLuc,TaoBoi,ChinhSuaLanCuoiVaoLuc,ChinhSuaLanCuoiBoi) VALUES ('DIC9','VIP20','Cho cá nhân',20,'Khả dụng','DIS3','2023-05-18 08:21:16','SYS0','2023-05-18 08:21:16','SYS0');
INSERT INTO MaGiamGia(MaGiamGia,MoTaMaGiamGia,PhamViApDung,PhanTramGiamGia,TrangThaiMaGiamGia,MaQuyDinhGiamGia,TaoVaoLuc,TaoBoi,ChinhSuaLanCuoiVaoLuc,ChinhSuaLanCuoiBoi) VALUES ('DIC10','GIFT25','Không giới hạn',25,'Hết hạn','DIS9','2023-04-21 06:41:30','SYS0','2023-04-21 06:41:30','SYS0');
-- SELECT * FROM MaGiamGia
;

INSERT INTO ChiTietDoiTuongUuDai(MaGiamGia,MaLead,DaApDung) VALUES ('DIC1','LEA6','Có');
INSERT INTO ChiTietDoiTuongUuDai(MaGiamGia,MaLead,DaApDung) VALUES ('DIC3','LEA9','Không');
INSERT INTO ChiTietDoiTuongUuDai(MaGiamGia,MaLead,DaApDung) VALUES ('DIC8','LEA3','Không');
INSERT INTO ChiTietDoiTuongUuDai(MaGiamGia,MaLead,DaApDung) VALUES ('DIC5','LEA4','Không');
INSERT INTO ChiTietDoiTuongUuDai(MaGiamGia,MaLead,DaApDung) VALUES ('DIC2','LEA7','Có');
-- SELECT * FROM ChiTietDoiTuongUuDai
;

INSERT INTO KhachHang(MaKH,HoTenKH,GioiTinhKH,NgaySinhKH,SoDienThoaiKH,EmailKH,MaNgheNghiep,MaNVPhuTrachKH,TenNVPhuTrachKH,TrangThaiKH,LyDoTrangThaiKH,GhiChuKH,ChuyenDoiTuMaLead,TaoVaoLuc,TaoBoi,ChinhSuaLanCuoiVaoLuc,ChinhSuaLanCuoiBoi) VALUES ('CUS1','Phan Duy Trọng','Nam','2003-05-15','0987654321','trongphanduy@gmail.com','OCU5','STA5','Trương Minh Tiến','Đang hoạt động',NULL,NULL,'LEA6','2023-09-01 08:00:00','SYS0','2023-09-01 10:30:00','STA5');
INSERT INTO KhachHang(MaKH,HoTenKH,GioiTinhKH,NgaySinhKH,SoDienThoaiKH,EmailKH,MaNgheNghiep,MaNVPhuTrachKH,TenNVPhuTrachKH,TrangThaiKH,LyDoTrangThaiKH,GhiChuKH,ChuyenDoiTuMaLead,TaoVaoLuc,TaoBoi,ChinhSuaLanCuoiVaoLuc,ChinhSuaLanCuoiBoi) VALUES ('CUS2','Lê Minh Quân','Nam','1992-09-25','0123456789','minhquanle@gmail.com','OCU4','STA9','Bùi Bích Trâm','Đang hoạt động',NULL,NULL,'LEA4','2023-09-02 09:15:00','SYS0','2023-09-02 14:45:00','STA9');
INSERT INTO KhachHang(MaKH,HoTenKH,GioiTinhKH,NgaySinhKH,SoDienThoaiKH,EmailKH,MaNgheNghiep,MaNVPhuTrachKH,TenNVPhuTrachKH,TrangThaiKH,LyDoTrangThaiKH,GhiChuKH,ChuyenDoiTuMaLead,TaoVaoLuc,TaoBoi,ChinhSuaLanCuoiVaoLuc,ChinhSuaLanCuoiBoi) VALUES ('CUS3','Trần Kim Ngọc','Nữ','1985-11-10','0909090909','ngockimtran@gmai.com','OCU6','STA11','Huỳnh Nhã Thy','Đang hoạt động',NULL,NULL,'LEA7','2023-09-03 11:30:00','SYS0','2023-09-03 16:20:00','STA11');
INSERT INTO KhachHang(MaKH,HoTenKH,GioiTinhKH,NgaySinhKH,SoDienThoaiKH,EmailKH,MaNgheNghiep,MaNVPhuTrachKH,TenNVPhuTrachKH,TrangThaiKH,LyDoTrangThaiKH,GhiChuKH,ChuyenDoiTuMaLead,TaoVaoLuc,TaoBoi,ChinhSuaLanCuoiVaoLuc,ChinhSuaLanCuoiBoi) VALUES ('CUS4','Nguyễn Thu Việc','Nữ','1988-03-02','0888777666','viecthunguyen@gmail.com','OCU3','STA2','Nguyễn Ngọc Hoàng','Đang hoạt động',NULL,NULL,'LEA3','2023-09-04 13:45:00','SYS0','2023-09-04 18:10:00','STA2');
INSERT INTO KhachHang(MaKH,HoTenKH,GioiTinhKH,NgaySinhKH,SoDienThoaiKH,EmailKH,MaNgheNghiep,MaNVPhuTrachKH,TenNVPhuTrachKH,TrangThaiKH,LyDoTrangThaiKH,GhiChuKH,ChuyenDoiTuMaLead,TaoVaoLuc,TaoBoi,ChinhSuaLanCuoiVaoLuc,ChinhSuaLanCuoiBoi) VALUES ('CUS5','Bùi Xuân Vĩ','Nam','1982-01-12','0444333222','vixuanbui@gmail.com','OCU8','STA6','Nguyễn Đức Trung','Đang hoạt động',NULL,NULL,'LEA9','2023-09-05 15:00:00','SYS0','2023-09-05 20:05:00','STA6');
INSERT INTO KhachHang(MaKH,HoTenKH,GioiTinhKH,NgaySinhKH,SoDienThoaiKH,EmailKH,MaNgheNghiep,MaNVPhuTrachKH,TenNVPhuTrachKH,TrangThaiKH,LyDoTrangThaiKH,GhiChuKH,ChuyenDoiTuMaLead,TaoVaoLuc,TaoBoi,ChinhSuaLanCuoiVaoLuc,ChinhSuaLanCuoiBoi) VALUES ('CUS6','Ngô Thị Kim Cương','Nữ','1991-06-30','0777007007','kimcuongngothi@gmail.com','OCU1','STA7','Bùi Thị Thúy','Đang hoạt động',NULL,NULL,'LEA1','2023-09-06 17:15:00','SYS0','2023-09-06 22:40:00','STA7');
INSERT INTO KhachHang(MaKH,HoTenKH,GioiTinhKH,NgaySinhKH,SoDienThoaiKH,EmailKH,MaNgheNghiep,MaNVPhuTrachKH,TenNVPhuTrachKH,TrangThaiKH,LyDoTrangThaiKH,GhiChuKH,ChuyenDoiTuMaLead,TaoVaoLuc,TaoBoi,ChinhSuaLanCuoiVaoLuc,ChinhSuaLanCuoiBoi) VALUES ('CUS7','Nguyễn Hoàng Minh','Nam','1978-12-05','0999888777','minhhoangnguyen@gmail.com','OCU2','STA4','Trần Mỹ Hạnh','Đang hoạt động',NULL,NULL,'LEA2','2023-09-07 19:30:00','SYS0','2023-09-08 09:25:00','STA4');
INSERT INTO KhachHang(MaKH,HoTenKH,GioiTinhKH,NgaySinhKH,SoDienThoaiKH,EmailKH,MaNgheNghiep,MaNVPhuTrachKH,TenNVPhuTrachKH,TrangThaiKH,LyDoTrangThaiKH,GhiChuKH,ChuyenDoiTuMaLead,TaoVaoLuc,TaoBoi,ChinhSuaLanCuoiVaoLuc,ChinhSuaLanCuoiBoi) VALUES ('CUS8','Dương Bích Tuyền','Nữ','1983-08-08','0111222333','tuyenbichduong@gmail.com','OCU9','STA3','Võ Anh Thư','Đang hoạt động',NULL,NULL,'LEA10','2023-09-08 21:45:00','SYS0','2023-09-08 14:15:00','STA3');
-- SELECT * FROM KhachHang
;

INSERT INTO HoatDongKH(MaHDKH,MaKH,TenHDKH,LoaiHDKH,HDKHDuocTaoBoi,MaNVPhuTrachHDKH,TenNVPhuTrachHDKH,MaEmailDenKH,TaoVaoLuc) VALUES ('CA1','CUS1','Yêu cầu tư vấn khóa học đến Trương Minh Tiến','Tư vấn','Khách hàng','STA5','Trương Minh Tiến',NULL,'2023-12-01 08:00:00');
INSERT INTO HoatDongKH(MaHDKH,MaKH,TenHDKH,LoaiHDKH,HDKHDuocTaoBoi,MaNVPhuTrachHDKH,TenNVPhuTrachHDKH,MaEmailDenKH,TaoVaoLuc) VALUES ('CA2','CUS2','Yêu cầu tư vấn khóa học Database Foundation Class đến Bùi Bích Trâm','Tư vấn','Khách hàng','STA9','Bùi Bích Trâm',NULL,'2023-12-02 08:00:00');
INSERT INTO HoatDongKH(MaHDKH,MaKH,TenHDKH,LoaiHDKH,HDKHDuocTaoBoi,MaNVPhuTrachHDKH,TenNVPhuTrachHDKH,MaEmailDenKH,TaoVaoLuc) VALUES ('CA3','CUS3','Yêu cầu tư vấn khóa học Business Intelligence đến Huỳnh Nhã Thy','Tư vấn','Khách hàng','STA11','Huỳnh Nhã Thy',NULL,'2023-12-03 08:00:00');
INSERT INTO HoatDongKH(MaHDKH,MaKH,TenHDKH,LoaiHDKH,HDKHDuocTaoBoi,MaNVPhuTrachHDKH,TenNVPhuTrachHDKH,MaEmailDenKH,TaoVaoLuc) VALUES ('CA4','CUS4','Yêu cầu tư vấn khóa học đến Nguyễn Ngọc Hoàng','Tư vấn','Khách hàng','STA2','Nguyễn Ngọc Hoàng',NULL,'2023-12-04 08:00:00');
INSERT INTO HoatDongKH(MaHDKH,MaKH,TenHDKH,LoaiHDKH,HDKHDuocTaoBoi,MaNVPhuTrachHDKH,TenNVPhuTrachHDKH,MaEmailDenKH,TaoVaoLuc) VALUES ('CA5','CUS5','Yêu cầu tư vấn khóa học đến Nguyễn Đức Trung','Tư vấn','Khách hàng','STA6','Nguyễn Đức Trung',NULL,'2023-12-05 08:00:00');
INSERT INTO HoatDongKH(MaHDKH,MaKH,TenHDKH,LoaiHDKH,HDKHDuocTaoBoi,MaNVPhuTrachHDKH,TenNVPhuTrachHDKH,MaEmailDenKH,TaoVaoLuc) VALUES ('CA6','CUS6','Yêu cầu tư vấn khóa học đến Bùi Thị Thúy','Tư vấn','Khách hàng','STA7','Bùi Thị Thúy',NULL,'2023-12-06 08:00:00');
INSERT INTO HoatDongKH(MaHDKH,MaKH,TenHDKH,LoaiHDKH,HDKHDuocTaoBoi,MaNVPhuTrachHDKH,TenNVPhuTrachHDKH,MaEmailDenKH,TaoVaoLuc) VALUES ('CA7','CUS7','Yêu cầu tư vấn khóa học Desktop Coding Class đến Trần Mỹ Hạnh','Tư vấn','Khách hàng','STA4','Trần Mỹ Hạnh',NULL,'2023-12-07 08:00:00');
INSERT INTO HoatDongKH(MaHDKH,MaKH,TenHDKH,LoaiHDKH,HDKHDuocTaoBoi,MaNVPhuTrachHDKH,TenNVPhuTrachHDKH,MaEmailDenKH,TaoVaoLuc) VALUES ('CA8','CUS8','Yêu cầu tư vấn khóa học Business Data Engineer đến Võ Anh Thư','Tư vấn','Khách hàng','STA3','Võ Anh Thư',NULL,'2023-12-08 08:00:00');
-- SELECT * FROM HoatDongKH
;